,city,position,salary_raw,skills,experience_raw,education_raw,job_type,headcount,company_address,updated_date,salary_avg,salary_outlier_flag,education_clean,experience_years,company_id
0,北京,人工智能开发工程师,1.2-1.5万·13薪,"['深度学习', '机器学习']",3-5年,本科,全职,1,北京·海淀·花园路,2025/4/1,13500.0,0,本科,4.0,30625
1,北京,,2-3.5万,[],经验不限,硕士,全职,30,北京·海淀,2025/4/1,27500.0,0,硕士,,30627
2,北京,AI人工智能算法工程师,2-4万,"['深度学习', '机器学习', '大模型算法']",经验不限,硕士,全职,1,北京·大兴·博兴,2025/4/1,30000.0,0,硕士,,30628
3,北京,人工智能研究员2025SBZ01,2-2.5万,['人工智能'],1-3年,硕士,全职,1,北京·海淀·花园路,2025/4/1,22500.0,0,硕士,2.0,30626
4,北京,城市合伙人（AI人工智能）,5-10万,[],经验不限,学历不限,全职,10,北京·海淀,2025/3/5,75000.0,1,学历不限,,30629
5,北京,数据分析师（大厂项目，稳定待遇好）,1-1.6万,[],经验不限,本科,全职,5,北京·海淀·马连洼,2025/3/19,13000.0,0,本科,,30630
6,北京,人工智能技术研究员,1-1.5万,[],3-5年,硕士,全职,1,北京·海淀·花园路,2025/4/1,12500.0,0,硕士,4.0,30626
7,北京,数据分析师,1.1-1.5万,"['报表开发', '数据挖掘']",3-5年,本科,全职,2,北京·海淀,2025/2/25,13000.0,0,本科,4.0,30631
8,北京,主数据工程师（人工智能部）,面议,['数据治理'],3-5年,本科,全职,2,北京·昌平·北七家,2025/1/2,,0,本科,4.0,30632
9,北京,人工智能算法与评测研究员25SLH10,1.7-1.9万,[],1-3年,硕士,全职,1,北京·海淀·花园路,2025/4/1,18000.0,0,硕士,2.0,30626
10,北京,,2.5-5万,['大模型'],5-10年,本科,全职,3,北京·海淀·上地,2025/3/25,37500.0,0,本科,7.5,30633
11,北京,数据处理技术员,7000-10000元·13薪,"['数据治理', '数据挖掘', 'Python']",经验不限,大专,全职,3,北京·海淀·西北旺,2024/12/30,8500.0,0,大专,,30634
12,北京,人工智能软件算法研究员,1.5-2万,"['深度学习', '机器学习']",1-3年,硕士,全职,1,北京·海淀·花园路,2025/4/1,17500.0,0,硕士,2.0,30626
13,北京,数据治理工程师（人工智能部）,面议,['数据治理'],3-5年,本科,全职,2,北京·昌平·北七家,2025/1/2,,0,本科,4.0,30632
14,北京,人工智能软硬件开发工程师,1.5-2万,[],1-3年,硕士,全职,1,北京·海淀·花园路,2025/4/1,17500.0,0,硕士,2.0,30626
15,北京,人工智能行业研究岗,1-2万,[],3-5年,硕士,全职,2,北京·海淀·万寿路,2025/3/5,15000.0,0,硕士,4.0,30635
16,北京,数据分析岗,1-2万,['Python'],3-5年,本科,全职,1,北京·东城·东华门,2025/1/21,15000.0,0,本科,4.0,30636
17,北京,数据分析师,7000-11000元,"['数据挖掘', '数据治理', 'Sql', 'Python', 'R语言']",经验不限,本科,全职,10,北京·海淀·马连洼,2025/3/19,9000.0,0,本科,,30630
18,北京,IT技术支持（桌面运维）+人工智能上市企业,1-1.2万,['桌面运维'],3-5年,本科,全职,1,北京·海淀·上地,2025/3/27,11000.0,0,本科,4.0,30637
19,北京,ai人工智能软件实施,1-1.5万,['软件实施'],1-3年,本科,全职,1,北京·海淀,2025/4/1,12500.0,0,本科,2.0,30638
20,北京,数据分析工程师（深度学习 机器学习）,1.3-2.5万,"['深度学习', '机器学习']",经验不限,本科,全职,1,北京·海淀·马连洼,2025/3/31,19000.0,0,本科,,30639
21,北京,投资合伙人,5-10万,[],经验不限,学历不限,全职,6,北京·海淀,2025/2/8,75000.0,1,学历不限,,30629
22,北京,标准化领域人工智能应用后端开发岗,1.2-1.5万,"['Java', 'PostgreSQL', 'MySQL']",经验不限,本科,全职,3,北京·海淀·北太平庄,2025/3/13,13500.0,0,本科,,30640
23,北京,人事专员（招聘方向）,8000-15000元·13薪,"['社会招聘', '销售岗招聘', '职能岗招聘', '技术岗招聘']",1-3年,本科,全职,1,北京·石景山·古城,2025/3/24,11500.0,0,本科,2.0,30641
24,北京,城市合伙人（AI人工智能）,5-10万,[],经验不限,学历不限,全职,10,北京·朝阳·建外,2025/3/5,75000.0,1,学历不限,,30629
25,北京,AI算法专家,5-9万·14薪,"['自然语言处理', 'Python', '大模型算法', '教育行业']",经验不限,本科,全职,1,北京·海淀·上地,2025/3/21,70000.0,1,本科,,30642
26,北京,ai人工智能算法工程师可应届可小白,8000-15000元,"['机器学习', '图像算法', '语音识别']",无经验,本科,全职,1,北京·海淀·中关村,2025/3/29,11500.0,0,本科,0.0,30643
27,北京,人工智能产业应用研究员,1.5-2万,[],3-5年,硕士,全职,1,北京·海淀·花园路,2025/4/1,17500.0,0,硕士,4.0,30626
28,北京,数据分析师,1-1.5万·13薪,"['数据治理', '数据挖掘', 'Python', 'Power BI', 'SQL', 'BI工具', '数据运营']",1-3年,本科,全职,1,北京·西城·广安门内,2025/3/10,12500.0,0,本科,2.0,30644
29,北京,人工智能应用产品经理,1.9-2.3万,['智能机器人'],1-3年,本科,全职,1,北京·丰台·右安门,2025/1/3,20999.0,0,本科,2.0,30645
30,北京,跨境网络案件人工智能大数据分析师,1.1-2.2万·14薪,[],经验不限,学历不限,全职,1,北京·朝阳,2024/12/22,16500.0,0,学历不限,,30646
31,北京,AI 研发工程师,1-1.5万,[],1-3年,本科,全职,1,北京·朝阳·奥运村,2025/3/31,12500.0,0,本科,2.0,30647
32,北京,Python软件工程师(大语言模型部署),1.5-3万,[],3-5年,本科,全职,1,北京·海淀·花园路,2025/3/29,22500.0,0,本科,4.0,30648
33,北京,人工智能分析及大模型研究员,1.2-1.6万,[],经验不限,本科,全职,2,北京·丰台·丰台街道,2025/2/21,14000.0,0,本科,,30649
34,北京,数据分析师+双休,7000-12000元·13薪,[],经验不限,本科,全职,10,北京·东城·北新桥,2025/3/5,9500.0,0,本科,,30650
35,北京,nlp算法工程师,1.5-2万,"['文本生成', 'LANGCHAIN', 'LLAMAINDEX', '对话系统', 'Python', '算法工程化']",1-3年,本科,全职,1,北京·昌平·北七家,2025/1/22,17500.0,0,本科,2.0,30647
36,北京,人工智能技术产业分析及生态运营岗,1.5-2万,[],1-3年,硕士,全职,1,北京·海淀·花园路,2025/4/1,17500.0,0,硕士,2.0,30626
37,北京,人工智能研究员,1.4-2万,['金融机构'],1-3年,硕士,全职,1,北京·海淀·甘家口,2025/3/13,17000.0,0,硕士,2.0,30651
38,北京,python爬虫工程师,1-1.2万,"['Python', 'Java', '数据采集', '数据清洗', '爬虫开发']",1年以下,本科,全职,1,北京·海淀·海淀街道,2024/8/16,11000.0,0,本科,,30652
39,北京,数据分析师,1.2-1.8万·15薪,"['数据分析', '数据统计']",经验不限,本科,全职,1,北京·朝阳·朝外,2025/3/22,15000.0,0,本科,,30653
40,北京,人工智能科研开发工程师,1-1.5万,[],1-3年,硕士,全职,1,北京·海淀·花园路,2025/4/1,12500.0,0,硕士,2.0,30626
41,北京,人工智能实施顾问,3-5.5万,[],3-5年,本科,全职,3,北京·海淀,2025/3/28,42500.0,1,本科,4.0,30654
42,北京,AI开发工程师,8000-16000元,[],经验不限,本科,全职,5,北京·海淀·紫竹院,2025/3/14,12000.0,0,本科,,30655
43,北京,AI应用工程师,1.5-2万,"['大模型算法', 'Python', 'DIFY', 'COZE', 'RAG', 'AI AGENT', 'RAGFLOW']",3-5年,本科,全职,1,北京·丰台·太平桥,2025/3/31,17500.0,0,本科,4.0,30656
44,北京,人工智能软硬件测试工程师,1.5-2万,[],1-3年,硕士,全职,1,北京·海淀·花园路,2025/4/1,17500.0,0,硕士,2.0,30626
45,北京,人工智能产品经理,1.5-2.5万,[],3-5年,本科,全职,1,北京·海淀·海淀街道,2025/4/1,20000.0,0,本科,4.0,30657
46,北京,数据标注项目经理（售前）,1.2-1.8万,[],1-3年,大专,全职,1,北京,2025/3/26,15000.0,0,大专,2.0,30658
47,北京,AI 工程师,1.1-1.6万·14薪,['AI机器人训练'],3-5年,本科,全职,1,北京·海淀·花园路,2024/8/30,13500.0,0,本科,4.0,30659
48,北京,人工智能政策研究专家,2-2.5万·13薪,['政府机构经验'],5-10年,本科,全职,1,北京·海淀·花园路,2025/3/26,22500.0,0,本科,7.5,30625
49,北京,AI工程师,面议,[],3-5年,硕士,全职,2,北京·昌平·小汤山,2025/3/22,,0,硕士,4.0,30660
50,北京,算法工程师,1.5-2.2万,"['机器学习', '图像算法', '机器视觉', '知识图谱', 'Python', 'C++', 'C#']",3-5年,本科,全职,1,北京·海淀·上地,2025/3/21,18500.0,0,本科,4.0,30661
51,北京,人工智能全栈工程师,1.2-2.4万,[],3-5年,本科,全职,2,北京·西城·椿树,2025/4/1,18000.0,0,本科,4.0,30662
52,北京,人工智能技术助理（9k+双休+五险一金）,9000-14000元·14薪,[],经验不限,本科,全职,8,北京·通州·台湖,2025/3/26,11500.0,0,本科,,30663
53,北京,产品经理,1-2万,[],经验不限,本科,全职,2,北京·海淀,2025/3/7,15000.0,0,本科,,30664
54,北京,遥感分析工程师,1.2-1.3万,"['数据治理', '数据挖掘', '数据建模', 'Sql', 'Python']",3-5年,本科,全职,1,北京·西城·展览路,2025/2/20,12500.0,0,本科,4.0,30665
55,北京,AI产品经理（人工智能部）,面议,[],3-5年,本科,全职,1,北京·昌平·北七家,2025/2/27,,0,本科,4.0,30632
56,北京,人工智能开发程序员,8000-14000元,[],1-3年,大专,全职,1,北京·通州·北苑,2025/3/6,11000.0,0,大专,2.0,30666
57,北京,自然语言处理,1.4-2.1万·14薪,"['PyTorch', 'C++']",1-3年,本科,全职,1,北京·天通苑北,2025/3/7,17500.0,0,本科,2.0,30667
58,北京,AI应用工程师,1-2万·14薪,"['机器学习', '深度学习', 'Python']",1-3年,本科,全职,1,北京·海淀·甘家口,2025/3/31,15000.0,0,本科,2.0,30668
59,北京,人工智能研发工程师,2.5-5万,"['大模型算法', '深度学习', '机器学习']",1-3年,本科,全职,8,北京·海淀·学院路,2025/3/27,37500.0,0,本科,2.0,30669
60,北京,人工智能AI培训讲师,5000-10000元·13薪,"['课程策划', '课程教授', '项目实训']",3-5年,本科,全职,1,北京·朝阳·呼家楼,2025/3/29,7500.0,0,本科,4.0,30670
61,北京,数据分析师,7000-11000元,[],经验不限,本科,全职,20,北京·朝阳·酒仙桥,2025/3/19,9000.0,0,本科,,30630
62,北京,AI Research,2.5-5万,[],经验不限,硕士,全职,1,北京·朝阳·双井,2025/3/31,37500.0,0,硕士,,30671
63,北京,人工智能工程师/机器学习工程师/深度学习工程师,8000-15000元,"['机器视觉', '自然语言处理', '搜索/推荐算法', '聚类算法', '降维算法', '决策树', 'TensorFlow', 'PyTorch', 'Keras', 'Python']",经验不限,本科,全职,1,北京·海淀·北下关,2025/3/3,11500.0,0,本科,,30672
64,北京,人工智能专家-个贷不良资产方向,3-4万,['自然语言处理'],1-3年,本科,全职,3,北京·丰台·成寿寺,2025/2/24,35000.0,0,本科,2.0,30673
65,北京,机器学习应用工程师,1.4-2.8万·13薪,"['Java', 'Python', '深度学习算法', 'TensorFlow', 'PyTorch', '数据开发', '数据分析', '机器视觉', '时序数据机器学习']",3-5年,本科,全职,1,北京·顺义·空港,2025/3/31,20999.0,0,本科,4.0,30674
66,北京,AI工程师,2.5-5万·13薪,"['视频算法', 'Python', '视觉图像算法']",3-5年,本科,全职,1,北京·海淀·西三旗,2024/5/30,37500.0,0,本科,4.0,30675
67,北京,AI训练工程师,9000-15000元,"['深度学习', '机器学习', '自然语音处理', '项目实训', 'linux', 'Python']",5-10年,本科,全职,2,北京·海淀·紫竹院,2025/3/18,12000.0,0,本科,7.5,30676
68,北京,人工智能技术（自然语言）,2-4万,"['文本分析', 'PyTorch', 'RNN', 'GAN', 'Python', 'BERT', 'TensorFlow', 'GPT', '神经网络', '机器学习']",3-5年,本科,全职,3,北京·朝阳·高碑店,2024/7/27,30000.0,0,本科,4.0,30677
69,北京,大模型应用开发,1-2万,"['爬虫', '数据处理', '计算机模型', '机器学习', '大模型算法', '多模态算法', 'Python']",经验不限,本科,全职,1,北京·昌平,2025/3/19,15000.0,0,本科,,30678
70,北京,大模型应用开发工程师,2.5-5万,"['数据建模', '大数据开发', '应用部署', 'LLM模型', 'AGENT', 'Python']",3-5年,本科,全职,1,北京·海淀·上地,2025/3/18,37500.0,0,本科,4.0,30679
71,北京,AI训练师*--中文方向,1.1-1.6万,"['语音算法', '机器学习']",经验不限,本科,全职,28,北京·海淀·清河,2025/3/30,13500.0,0,本科,,30630
72,北京,信息中心 人工智能岗,2-2.1万,[],3-5年,本科,全职,1,北京·西城·什刹海,2025/3/14,20500.0,0,本科,4.0,30680
73,北京,智能体研发工程师,1.5-2.5万,"['大模型算法', 'Python', '机器视觉', '自然语言处理', '搜索/推荐算法', '机器学习', '多模态算法', 'PyTorch', 'TensorFlow', 'Keras']",经验不限,本科,全职,1,北京·海淀·北下关,2025/2/14,20000.0,0,本科,,30681
74,北京,人工智能AI培训师,5000-10000元,"['课程策划', '课程教授', '项目实训', '人工智能', 'AI', 'AI通识']",3-5年,本科,兼职/临时,1,北京·朝阳·呼家楼,2025/3/30,7500.0,0,本科,4.0,30670
75,北京,【Deepseek人工智能软件赛道+双休收入高】,1.3-2.6万,"['面销/陌拜', '区域销售']",1年以下,大专,全职,10,北京·朝阳,2025/3/18,19500.0,0,大专,,30682
76,北京,人工智能/机器学习专家,3-6万,"['机器视觉', '图像算法', '自然语言处理', '聚类算法', '降维算法', '分类回归']",经验不限,本科,全职,1,北京·朝阳·八里庄,2025/3/6,45000.0,1,本科,,30683
77,北京,AI大模型工程师,1.5-2万,"['自然语言处理', 'Python', '英文读写']",3-5年,本科,全职,1,北京·海淀·马连洼,2025/3/31,17500.0,0,本科,4.0,30684
78,北京,昇腾FAE(AI),1.1-2.2万,"['深度学习', '机器学习', '图像算法', 'Python', 'C++']",3-5年,本科,全职,3,北京·朝阳·朝外,2025/3/7,16500.0,0,本科,4.0,30685
79,北京,人工智能+能源研究员,1.5-2万,[],3-5年,硕士,全职,1,北京·海淀·花园路,2025/4/1,17500.0,0,硕士,4.0,30626
80,北京,人工智能岗,3-4万,[],5-10年,本科,全职,1,北京·朝阳·八里庄,2025/4/1,35000.0,0,本科,7.5,30686
81,北京,人工智能技术应用岗,2.5-3.5万,[],1-3年,硕士,全职,1,北京·昌平·史各庄,2025/2/26,30000.0,0,硕士,2.0,30687
82,北京,nlp对话机器人,1.5-3万,"['C#', '翻译系统', '机器翻译', 'C++', 'Python']",1-3年,学历不限,全职,3,北京·丰台·东铁匠营,2025/3/6,22500.0,0,学历不限,2.0,30688
83,北京,大模型算法工程师,4-6万·14薪,"['多模态算法', '大模型算法', 'C++', 'Python', 'LLM']",5-10年,本科,全职,10,北京·海淀·清河,2025/3/4,50000.0,1,本科,7.5,30689
84,北京,人工智能算法测试工程师r,1.3-2.3万,"['TensorFlow', 'PyTorch', 'Python', 'AI']",1-3年,本科,全职,6,北京·海淀·青龙桥,2025/3/13,18000.0,0,本科,2.0,30690
85,北京,科学研究（人工智能开发工程师）,1.3-2.5万,[],经验不限,本科,全职,3,北京·海淀·四季青,2025/1/20,19000.0,0,本科,,30691
86,北京,大模型和知识库开发工程师,1.1-1.8万,['Python'],1-3年,本科,全职,1,北京·顺义·空港,2025/3/15,14500.0,0,本科,2.0,30692
87,北京,项目经理（人工智能）,1.5-2.2万,"['AI项目', 'PMP', '电子政务']",3-5年,本科,全职,2,北京·海淀·中关村,2025/3/28,18500.0,0,本科,4.0,30693
88,北京,人工智能治理研究员25SZSCQ01,1.5-2万,[],经验不限,硕士,全职,1,北京·西城·德胜,2025/4/1,17500.0,0,硕士,,30626
89,北京,人工智能应用研发,2-4万,['深度学习、AI产品经理'],5-10年,本科,全职,1,北京·朝阳·东湖,2025/3/31,30000.0,0,本科,7.5,30694
90,北京,人工智能应用研发工程师,2-3万,[],无经验,硕士,全职,1,北京·海淀,2025/2/15,25000.0,0,硕士,0.0,30695
91,北京,人工智能高级算法研发工程师,3.5-6万·13薪,[],5-10年,本科,全职,3,北京·海淀,2025/3/28,47500.0,1,本科,7.5,30654
92,北京,人工智能与数字资产管理岗,1.5-3万,[],经验不限,硕士,全职,2,北京·石景山·古城,2025/3/13,22500.0,0,硕士,,30696
93,北京,机器学习算法工程师,1.5-3万,"['机器学习', '人工智能', '算法', 'Python']",经验不限,本科,全职,1,北京·大屯,2025/2/17,22500.0,0,本科,,30697
94,北京,【国企】人工智能/大模型方向-技术专家-博士,4-7万·14薪,"['深度学习', '机器学习', '大模型算法', '自然语言处理', '44以下', '油气', '能源']",3-5年,博士,全职,1,北京·昌平,2025/3/5,55000.0,1,博士,4.0,30698
95,北京,人工智能开发平台研发工程师,3-5.5万·13薪,[],5-10年,本科,全职,1,北京·海淀,2025/3/28,42500.0,1,本科,7.5,30654
96,北京,投资合伙人,5-10万,[],经验不限,学历不限,全职,6,北京·朝阳·建外,2025/2/8,75000.0,1,学历不限,,30629
97,北京,人工智能硬件研究员,1.5-2万,['人工智能'],1-3年,硕士,全职,1,北京·海淀·花园路,2025/4/1,17500.0,0,硕士,2.0,30626
98,北京,人工智能技术支撑岗位（驻国企，入职五险一金）,1.1-1.3万,"['软件产品', '智能产品']",3-5年,本科,全职,1,北京·西城·椿树,2024/12/30,12000.0,0,本科,4.0,30699
99,北京,人工智能业务专家,1.5-3万,['电力'],3-5年,本科,全职,1,北京·丰台·右安门,2025/3/24,22500.0,0,本科,4.0,30700
100,北京,大模型开发工程师,1.8-3.5万,"['数据治理', '数据架构', '数据建模']",1-3年,本科,全职,10,北京·朝阳·和平街,2024/6/15,26500.0,0,本科,2.0,30701
101,北京,智能制造解决方案工程师,1-2万,"['人工智能', 'IT/互联网', '文字功底', 'MES、ERP、PLM', 'EAM、DNC、MDC']",经验不限,本科,全职,5,北京·西城·德胜,2024/5/20,15000.0,0,本科,,30702
102,北京,AI人工智能高管,10-12万,[],10年以上,博士,全职,1,北京·朝阳,2025/2/20,110000.0,1,博士,,30703
103,北京,人工智能算法工程师,1.5-3万,"['深度学习', '强化学习 ', '大模型算法', 'Transformer', '自然语言处理', '通信算法', 'PyTorch', 'Python', 'C++', 'C语言']",3-5年,本科,全职,1,北京·海淀,2025/3/6,22500.0,0,本科,4.0,30704
104,北京,机器学习工程师,1.5-3万·15薪,"['机器学习', 'Python', '模式识别', '深度学习', 'TensorFlow', 'PyTorch', '模型剪枝量化']",1-3年,本科,全职,5,北京·海淀·马连洼,2024/10/21,22500.0,0,本科,2.0,30705
105,北京,RPA项目经理/助理,9000-18000元,"['RPA', 'PMP', '项目管理']",1-3年,本科,全职,1,北京·西城·椿树,2025/3/11,13500.0,0,本科,2.0,30706
106,北京,人工智能产品经理,1.5-2.5万,[],5-10年,本科,全职,1,北京·西城·椿树,2025/4/1,20000.0,0,本科,7.5,30662
107,北京,人工智能技术开发岗位,面议,[],3-5年,硕士,全职,1,北京·海淀,2025/3/7,,0,硕士,4.0,30707
108,北京,机器学习算法工程师,1.5-3万,[],无经验,本科,全职,1,北京·海淀·曙光,2025/3/8,22500.0,0,本科,0.0,30708
109,北京,【Deepseek人工智能软件赛道+双休收入高】,1.2-2.4万,['面销/陌拜'],1年以下,大专,全职,10,北京·朝阳,2025/3/18,18000.0,0,大专,,30682
110,北京,人工智能实习生,8000-9000元,"['智能客服训练', 'AI机器人训练']",1年以下,本科,全职,1,北京·朝阳·高碑店,2024/6/8,8500.0,0,本科,,30703
111,北京,人工智能开发工程师,2-2.5万,['深度学习'],1-3年,本科,全职,2,北京·海淀·甘家口,2024/7/5,22500.0,0,本科,2.0,30709
112,北京,人工智能技术研究员,1.4-1.8万·14薪,"['知识图谱', '自然语言处理', 'Java', 'Python']",经验不限,硕士,全职,1,北京·海淀,2025/2/26,16000.0,0,硕士,,30710
113,北京,高级研究员（人工智能方向）,2-4万,"['主题模型', '逻辑回归']",经验不限,博士,全职,2,北京·丰台·看丹,2025/3/11,30000.0,0,博士,,30711
114,北京,人工智能研发工程师,1.4-2.7万,"['图像算法', 'PyTorch', 'TensorFlow', 'Python', 'C++', '中医']",无经验,博士,全职,1,北京·昌平·史各庄,2024/12/9,20500.0,0,博士,0.0,30712
115,北京,人工智能专家,2.2-4万·15薪,['图像识别产品'],5-10年,本科,全职,1,北京·石景山·苹果园,2025/3/13,31000.0,0,本科,7.5,30713
116,北京,人工智能技术研究员,1.4-1.8万·14薪,"['深度学习', 'Python']",1-3年,硕士,全职,999,北京,2025/3/21,16000.0,0,硕士,2.0,30710
117,北京,大模型应用开发工程师,1-2万,"['大模型算法', '深度学习', '多模态算法', 'Transformer', 'ResNet', 'GPT', '机器视觉', '自然语言处理', '知识图谱', 'PyTorch', 'TensorFlow', 'Python', 'ALIGN', 'LSTM']",1-3年,本科,全职,1,北京·海淀·海淀街道,2025/3/31,15000.0,0,本科,2.0,30714
118,北京,大模型应用开发工程师,1-1.9万,"['大模型部署', 'Python', '爬虫', '数据处理', 'Pandas', 'NumPy']",3-5年,本科,全职,1,北京·昌平,2025/4/1,14500.0,0,本科,4.0,30678
119,北京,人工智能课程设计（兼讲师）,1.5-1.8万,"['课程策划', '课程教授', '项目实训']",无经验,硕士,全职,1,北京·海淀·马连洼,2025/3/5,16500.0,0,硕士,0.0,30715
120,北京,科学数据和人工智能岗,2-2.4万,[],1-3年,博士,全职,1,北京·石景山·老山,2024/9/13,22000.0,0,博士,2.0,30716
121,北京,算法工程师,9000-10000元,"['Python', 'C++', 'Java']",经验不限,硕士,全职,1,北京·海淀,2025/3/31,9500.0,0,硕士,,30717
122,北京,AI应用工程师,1.5-3万,"['ERP系统', '飞书系统', '智能客服', '知识图谱', '智能机器人', '智能问答', '大模型', 'CHATGPT', 'DEEPSEEK']",经验不限,大专,全职,2,北京·海淀·中关村,2025/3/23,22500.0,0,大专,,30718
123,北京,纤维新材料数据分析与人工智能研究员,1.2-2.4万,"['数据科学', '计算机科学', '数据建模', 'R语言', '数据挖掘', '数据仓库']",1-3年,硕士,全职,1,北京·朝阳·八里庄,2024/11/18,18000.0,0,硕士,2.0,30719
124,北京,人工智能产品经理,1.6-2万,"['产品规划', '产品设计', '产品优化']",5-10年,本科,全职,5,北京·昌平·十三陵,2025/3/25,18000.0,0,本科,7.5,30633
125,北京,人工智能工程师,1-1.8万·15薪,['深度学习'],经验不限,硕士,全职,1,北京·朝阳·朝外,2025/3/3,14000.0,0,硕士,,30720
126,北京,资深大模型研究员（北京）,4-8万·14薪,[],经验不限,博士,全职,1,北京·海淀,2024/11/20,60000.0,1,博士,,30721
127,北京,人工智能研发工程师,2-3.5万,[],3-5年,硕士,全职,3,北京·朝阳·和平街,2025/3/17,27500.0,0,硕士,4.0,30722
128,北京,销售经理（软件人工智能）,7000-14000元,"['企业客户', '政府客户', '院校客户', '面销/陌拜', '网络销售']",1-3年,大专,全职,1,北京·海淀·马连洼,2025/2/13,10500.0,0,大专,2.0,30723
129,北京,人工智能AI-销售,6000-12000元,[],1-3年,大专,全职,3,北京·石景山·苹果园,2024/6/20,9000.0,0,大专,2.0,30724
130,北京,大模型应用算法工程师,1.5-2.5万,"['图像算法', '大模型算法', '自然语言处理', '机器视觉', 'Python', 'CLIP', '机器学习', 'K-means算法', 'GPT', 'XLNet', 'PyTorch', 'MXNet']",经验不限,本科,全职,1,北京·海淀·北下关,2025/2/14,20000.0,0,本科,,30681
131,北京,机器人助理工程师,1-1.8万,"['机械装备', '电子焊接', '线束', '库存管理', '测试']",1-3年,大专,全职,1,北京·海淀·上地,2025/3/28,14000.0,0,大专,2.0,30725
132,北京,人工智能算法工程师,1.5-3万,"['图像算法', '深度学习', '机器学习']",经验不限,博士,全职,1,北京·朝阳·亚运村,2024/6/17,22500.0,0,博士,,30726
133,北京,人工智能、大模型招聘（实习生）,230-250元/天,[],无经验,硕士,实习,1,北京·昌平·小汤山,2025/3/28,5220.0,0,硕士,0.0,30727
134,北京,机器视觉售前方案工程师,1-2万,"['机器人', '图像识别产品']",1-3年,本科,全职,4,北京·海淀·上地,2025/3/13,15000.0,0,本科,2.0,30728
135,北京,人工智能专家,2.3-3.5万,[],3-5年,学历不限,全职,2,北京·海淀·羊坊店,2025/2/12,29000.0,0,学历不限,4.0,30721
136,北京,ai人工智能算法工程师,2.5-3万,['大模型算法'],经验不限,本科,全职,2,北京·丰台·看丹,2025/3/5,27500.0,0,本科,,30676
137,北京,人工智能工程师--北京,1-2万,"['大模型', '数字虚拟人', '智能机器人']",1-3年,本科,全职,3,北京·大兴·荣华街道,2025/2/14,15000.0,0,本科,2.0,30729
138,北京,人工智能工程师,1-2万,['Python'],1-3年,本科,全职,1,北京·朝阳·酒仙桥,2025/3/28,15000.0,0,本科,2.0,30730
139,北京,人工智能工程师-2025025,1.6-2.2万,"['PyTorch', 'TensorFlow', '大模型算法', '强化学习 ', 'GPT', '自然语言处理', '知识图谱', '搜索/推荐算法', 'Python', 'Java']",3-5年,本科,全职,1,北京·西城·西长安街,2025/3/26,19000.0,0,本科,4.0,30731
140,北京,大模型开发工程师,1.5-2万·16薪,"['大模型算法', '自然语言处理', 'Python']",3-5年,本科,全职,1,北京·朝阳·香河园,2025/3/17,17500.0,0,本科,4.0,30732
141,北京,nlp算法工程师-北京D,2.3-4万·14薪,[],3-5年,本科,全职,2,北京·海淀·上地,2024/11/11,31500.0,0,本科,4.0,30733
142,北京,人工智能课程教师,7000-14000元,"['大学教师', '课程教授', 'Python', '人工智能', '大数据', '计算机科学与技术', '数据科学与大数据技术']",经验不限,硕士,全职,1,北京·大兴·庞各庄,2025/3/10,10500.0,0,硕士,,30734
143,北京,AI销售经理,1-1.5万·20薪,"['企业客户', '集成', '智慧', '解决方案']",1-3年,本科,全职,1,北京·海淀·花园路,2024/12/10,12500.0,0,本科,2.0,30735
144,北京,市场专员,8000-15000元,"['市场推广', '市场策划', '市场营销', '沟通能力强，市场拓展经验丰富']",3-5年,本科,全职,8,北京·海淀·海淀街道,2025/3/28,11500.0,0,本科,4.0,30736
145,北京,人工智能研究分析岗,面议,['搜索/推荐算法'],3-5年,硕士,全职,1,北京·西城·新街口,2025/3/31,,0,硕士,4.0,30737
146,北京,人工智能算法工程师,2-3万,"['Python', 'Java']",1-3年,本科,全职,1,北京·海淀·北下关,2025/3/11,25000.0,0,本科,2.0,30738
147,北京,人工智能研发专员,1.8-2.5万,"['机器视觉', '搜索/推荐算法', 'PyTorch', 'TensorFlow']",3-5年,本科,全职,1,北京·怀柔·北房,2024/6/3,21500.0,0,本科,4.0,30739
148,北京,人工智能营销（AI营销）,1.2-2.4万·13薪,"['网络营销', '新媒体营销', '短视频营销', '自媒体营销', '微信营销', '社群营销', '社区营销', '海外营销']",无经验,本科,全职,1,北京·通州·台湖,2025/3/21,18000.0,0,本科,0.0,30740
149,北京,ai算法工程师,2.5-3万·14薪,['大模型算法'],3-5年,本科,全职,1,北京·海淀·马连洼,2025/2/25,27500.0,0,本科,4.0,30741
150,北京,解决方案工程师助理,8000-13000元,"['智慧产品', '智慧水利', '智慧农业', '智慧城市']",经验不限,本科,全职,2,北京·海淀·清河,2025/2/14,10500.0,0,本科,,30742
151,北京,人工智能算法工程师,2.9-4万,"['机器视觉', '智能驾驶', '自然语言处理', '算法研究', '算法应用', '多模态算法', '大模型算法', '机器学习', 'Python', 'Java', 'PyTorch', 'TensorFlow', 'K-means算法', 'GBDT', 'XGBoost', 'BERT', 'GPT', '', '', '', '']",经验不限,博士,全职,1,北京·海淀,2025/3/13,34500.0,0,博士,,30743
152,北京,人工智能业务专家（北京）,2-3万,"['人工智能大模型', '图像识别', '适应出差']",3-5年,本科,全职,1,北京·丰台·右安门,2025/3/27,25000.0,0,本科,4.0,30744
153,北京,人工智能教育产品经理,1.5-3万,[],3-5年,本科,全职,1,北京·朝阳·建外,2025/3/27,22500.0,0,本科,4.0,30745
154,北京,产品经理（人工智能）,2-3万,"['智能驾驶', '智能芯片', '导航', '交通', '搜索', 'AIGC']",3-5年,本科,全职,1,北京·东城·和平里,2024/9/13,25000.0,0,本科,4.0,30746
155,北京,人工智能算法工程师,2-2.5万,[],1-3年,本科,全职,2,北京·海淀·马连洼,2025/2/19,22500.0,0,本科,2.0,30721
156,北京,人工智能通识教育 产品经理,1.5-2万,['通识教育'],5-10年,本科,全职,1,北京·海淀·北太平庄,2025/3/11,17500.0,0,本科,7.5,30747
157,北京,深度学习/机器学习工程师,9000-14000元,"['图像算法', '语音算法', '机器学习', 'Python', '分布式训练']",经验不限,本科,全职,1,北京·海淀·上地,2024/12/18,11500.0,0,本科,,30748
158,北京,人工智能解决方案（职业教育，大模型，智能体）,2-3万,['数字化产品'],10年以上,本科,全职,1,北京·通州·台湖,2025/3/28,25000.0,0,本科,,30749
159,北京,AI研发工程师,2-3万·16薪,"['AI工程师', 'AI AGENT开发', '提示工程']",1-3年,本科,全职,1,北京·朝阳·建外,2024/10/18,25000.0,0,本科,2.0,30750
160,北京,大语言模型应用开发工程师,2-4万·13薪,"['PyTorch', 'LANGCHAIN', 'LLAMAINDEX', 'AGENT', 'RAG']",经验不限,本科,全职,1,北京·西城·金融街,2025/3/31,30000.0,0,本科,,30751
161,北京,人工智能赋能专项项目经理,1.5-3万,"['PMP', '项目管理', '科研项目管理']",10年以上,硕士,全职,1,北京·海淀·清华园,2025/3/3,22500.0,0,硕士,,30752
162,北京,销售助理,7000-9000元,"['企业客户拓展', '政府资源拓展', '客户资源管理']",1-3年,学历不限,全职,1,北京·海淀·海淀街道,2025/3/31,8000.0,0,学历不限,2.0,30736
163,北京,人工智能部 产品解决方案岗,面议,"['大模型', '产品经理', '产品解决方案']",3-5年,本科,全职,1,北京·通州·永顺,2025/3/17,,0,本科,4.0,30753
164,北京,机器学习高级技术专家,12-17万·13薪,['机器学习'],1-3年,博士,全职,1,北京·海淀,2025/3/5,145000.0,1,博士,2.0,30654
165,北京,人工智能与大数据算法专家,2.5-4.5万·14薪,['大模型'],1-3年,博士,全职,1,北京·海淀·东升,2025/2/26,35000.0,0,博士,2.0,30710
166,北京,科技记者,1-1.5万,"['文字记者', '新媒体', '人物专访', '深度报道', '有代表作', '原创撰稿']",1-3年,本科,全职,5,北京·海淀·上地,2025/2/25,12500.0,0,本科,2.0,30754
167,北京,人工智能算法工程师,3-4万,[],经验不限,博士,全职,1,北京·海淀,2025/2/12,35000.0,0,博士,,30695
168,北京,AI开发工程师,1.5-3万,"['深度学习', 'AI 人工智能', '搜索/推荐算法']",3-5年,本科,全职,1,北京·朝阳,2025/3/27,22500.0,0,本科,4.0,30755
169,北京,人工智能算法高级工程师,2.8-5.5万,"['自然语言处理', '知识图谱']",经验不限,硕士,全职,3,北京·海淀·甘家口,2025/2/28,41500.0,1,硕士,,30756
170,北京,大模型应用工程师（软通自研非外包）,2.5-5万,[],5-10年,本科,全职,1,北京·海淀·马连洼,2025/2/17,37500.0,0,本科,7.5,30757
171,北京,产品经理（人工智能方向）,1.2-2万·14薪,['投资经理'],3-5年,硕士,全职,1,北京·海淀·学院路,2025/1/7,16000.0,0,硕士,4.0,30758
172,北京,机器学习算法工程师,1.5-3万,['机器学习'],无经验,本科,全职,1,北京·海淀·曙光,2024/11/20,22500.0,0,本科,0.0,30708
173,北京,人工智能架构师,2.4-4万·15薪,"['Java', 'Python', 'C#']",5-10年,本科,全职,1,北京·石景山·苹果园,2025/3/13,32000.0,0,本科,7.5,30713
174,北京,应用优化工程师,2.1-2.8万,"['深度学习', '大模型算法']",1-3年,本科,全职,1,北京·海淀·上地,2025/3/21,24500.0,0,本科,2.0,30759
175,北京,人工智能与大数据算法专家,2.5-3.5万·14薪,"['图像算法', '机器学习', '大模型算法', '机器视觉', '搜索/推荐算法']",1年以下,博士,全职,1,北京·海淀·东升,2024/11/12,30000.0,0,博士,,30710
176,北京,人工智能开发 工程师,1.1-2.2万,"['Java', 'C语言', 'C#', 'C++']",经验不限,硕士,全职,1,北京·丰台·看丹,2025/3/7,16500.0,0,硕士,,30760
177,北京,人工智能分析师（工作地点：北京、上海、深圳）,1-2万,[],1-3年,硕士,全职,1,北京·东城·前门,2025/2/8,15000.0,0,硕士,2.0,30761
178,北京,人工智能健康讲师,8000-15000元,['健康管理'],1-3年,大专,全职,1,北京·通州·北苑,2025/3/29,11500.0,0,大专,2.0,30762
179,北京,人工智能工程师（应用方向）(J10110),面议,"['大模型算法', 'PyTorch', 'TensorFlow', '自然语言处理', 'GPT', 'Python', 'Java']",经验不限,本科,全职,1,北京·西城·金融街,2025/3/20,,0,本科,,30763
180,北京,人工智能算法工程师,8000-16000元,"['智能机器人', '算法研究']",1-3年,本科,全职,1,北京·顺义·李桥,2024/10/3,12000.0,0,本科,2.0,30764
181,北京,机器人采购工程师,1.3-2万,[],3-5年,本科,全职,1,北京·海淀,2025/3/4,16500.0,0,本科,4.0,30725
182,北京,校企合作经理,1.2-1.5万,"['商务合作', '地推销售', 'KA大客户']",3-5年,本科,全职,1,北京·海淀·马连洼,2025/3/31,13500.0,0,本科,4.0,30715
183,北京,人工智能专家(J12509),3-5万·14薪,"['机器视觉', '自然语言处理', '图像算法', '人工神经网络', 'PyTorch', 'TensorFlow', 'Caffe']",5-10年,本科,全职,1,北京·海淀·上地,2025/3/31,40000.0,1,本科,7.5,30765
184,北京,人工智能AI 认证公益培训与招生导流讲师,1.2-2.4万,"['课程策划', '课程教授', '项目实训', '搜索算法', '导航算法', '机器人算法', '深度学习']",3-5年,本科,全职,5,北京·丰台·看丹,2025/3/28,18000.0,0,本科,4.0,30766
185,北京,人工智能（深度学习/自然语言处理）工程师,2.5-3万,"['自然语言处理', 'Python', 'Java', 'PyTorch', '人工神经网络']",3-5年,硕士,全职,1,北京·朝阳·奥运村,2025/2/19,27500.0,0,硕士,4.0,30767
186,北京,人工智能算法工程师,3-5万,"['深度学习', '图像算法']",5-10年,硕士,全职,1,北京·昌平·龙泽园,2025/3/6,40000.0,1,硕士,7.5,30768
187,北京,机器视觉售前支持工程师,1.1-2万,"['智能制造', '缺陷检测', '图像处理', '工业机器人', '图像检测识别', '视觉图像算法']",3-5年,本科,全职,1,北京·海淀·上地,2025/3/13,15500.0,0,本科,4.0,30728
188,北京,人工智能产业研究推广应用,1.5-2.5万,"['版权', '推广', '应用']",1-3年,硕士,全职,2,北京·西城·展览路,2025/2/24,20000.0,0,硕士,2.0,30769
189,北京,人工智能开源研究员,1-1.5万,[],1-3年,硕士,全职,1,北京·海淀·花园路,2025/4/1,12500.0,0,硕士,2.0,30626
190,北京,人工智能助理研究员,3-5.5万,['助理研究员'],1-3年,博士,全职,5,北京·怀柔·怀北,2025/3/5,42500.0,1,博士,2.0,30770
191,北京,人工智能产品经理,8000-10000元,"['搜索', '推荐', 'NLP', '大模型', '智能驾驶', '智能机器人']",3-5年,本科,全职,1,北京·丰台·六里桥,2025/2/25,9000.0,0,本科,4.0,30771
192,北京,人工智能技术（自然语言）,2.5-5万,[],5-10年,本科,全职,1,北京·朝阳·高碑店,2025/2/20,37500.0,0,本科,7.5,30677
193,北京,ai训练师主管兼产品助理,1.6-1.7万,['课程策划'],1-3年,学历不限,全职,1,北京·朝阳·望京,2025/3/12,16500.0,0,学历不限,2.0,30772
194,北京,售前技术支持,6000-10000元,['软件工程'],1-3年,大专,全职,1,北京·昌平·龙泽园,2024/8/12,8000.0,0,大专,2.0,30773
195,北京,AI装备工程师,1.5-3万,"['机器人电气设计', '机器人编程', '机器人算法', '机器人运动算法', '机器人训练', '机器人语音算法', '机器人设计']",经验不限,大专,全职,1,北京·海淀·中关村,2025/2/14,22500.0,0,大专,,30718
196,北京,AI应用工程师,1-2万,"['深度学习', '机器学习', 'TensorFlow', 'PyTorch', 'Keras', 'Python']",经验不限,硕士,全职,1,北京·海淀·中关村,2025/3/13,15000.0,0,硕士,,30774
197,北京,ai算法工程师,9000-15000元,"['深度学习', '图像算法', 'Transformer', 'PyTorch', 'TensorFlow', 'Python', 'C++']",1年以下,本科,全职,1,北京·丰台·太平桥,2025/3/21,12000.0,0,本科,,30685
198,北京,人工智能国家标准研制岗（全职/实习）,8000-12000元,[],经验不限,硕士,全职,2,北京·东城·安定门,2024/8/5,10000.0,0,硕士,,30775
199,北京,人工智能专业教师,8000-10000元·13薪,"['助理教师', '课程教授', '机器学习', '深度学习', '视觉图像算法']",经验不限,硕士,全职,1,北京·延庆·康庄,2025/3/14,9000.0,0,硕士,,30776
200,北京,算法工程师,1.2-1.8万,"['深度学习', '大模型算法', '自然语言处理']",1-3年,硕士,全职,1,北京·海淀·西三旗,2025/3/31,15000.0,0,硕士,2.0,30777
201,北京,质量体系工程师,1-1.8万,['医疗器械质量管理体系'],3-5年,本科,全职,1,北京·海淀·上地,2025/3/25,14000.0,0,本科,4.0,30778
202,北京,人工智能算法工程师,2.5-3万·15薪,"['深度学习', '强化学习 ', '机器学习']",经验不限,硕士,全职,1,北京·顺义·旺泉,2025/3/7,27500.0,0,硕士,,30779
203,北京,能源研发工程师-人工智能事业部(J11426),1.2-2.4万,"['能源规划', '能源审计', '节能设备运维']",5-10年,硕士,全职,999,北京·丰台·丰台街道,2025/3/18,18000.0,0,硕士,7.5,30780
204,北京,系统研发工程师-C++,2-4万,"['C++', 'Python', '机器人开发', '图形图像处理', 'Linux开发', '图像识别']",经验不限,本科,全职,1,北京·海淀·上地,2025/3/20,30000.0,0,本科,,30778
205,北京,人工智能所研究岗,2-2.1万,[],无经验,硕士,全职,2,北京·石景山·鲁谷,2024/11/4,20500.0,0,硕士,0.0,30781
206,北京,人工智能开发工程师（python开发）,1.5-3万,"['PYTHON开发', 'AGENT', '智能体开发']",3-5年,硕士,全职,1,北京·海淀·马连洼,2025/3/19,22500.0,0,硕士,4.0,30782
207,北京,人工智能算法工程师,2-4万,"['图像识别产品', '人脸识别产品']",经验不限,本科,全职,1,北京·西城·椿树,2024/10/22,30000.0,0,本科,,30783
208,北京,新媒体运营专员,7000-9000元,"['图文平台', '企业官网', '微信公众号', '今日头条', '微博', '新闻类', '内容运营', '品牌运营', '渠道运营', '多平台运营']",1年以下,本科,全职,2,北京·海淀·上地,2025/2/25,8000.0,0,本科,,30754
209,北京,DeepSeek应用讲师,1.5-2万,"['深度学习', '项目实训']",经验不限,本科,全职,1,北京·丰台·太平桥,2025/3/13,17500.0,0,本科,,30784
210,北京,机器人产品经理（待招）,1.5-3万,[],1-3年,本科,全职,1,北京·海淀·中关村,2024/8/23,22500.0,0,本科,2.0,30785
211,北京,人工智能工程师,2-4万,"['深度学习', '图像算法', '大模型算法', 'GPT', 'XLNet', 'RoBERTa', 'ViT', 'Transformer', 'Attention', 'ResNet', '搜索/推荐算法', '知识图谱', 'PyTorch', 'TensorFlow', 'OpenCV', 'Python']",3-5年,本科,全职,1,北京·东城·和平里,2025/3/27,30000.0,0,本科,4.0,30786
212,北京,大客户销售经理,1-2万·13薪,"['区域销售', '渠道销售', '院校客户', '政府机构']",1-3年,学历不限,全职,2,北京·海淀·上地,2024/5/28,15000.0,0,学历不限,2.0,30787
213,北京,技术研究员,1.5-2万·15薪,['课题研究'],经验不限,博士,全职,1,北京·石景山·苹果园,2025/3/24,17500.0,0,博士,,30788
214,北京,优化算法工程师-人工智能事业部(J11423),1.5-3万,"['大模型算法', '多模态算法', '强化学习 ']",1-3年,硕士,全职,999,北京·丰台·丰台街道,2025/3/27,22500.0,0,硕士,2.0,30780
215,北京,交互设计师,8000-12000元,"['Axure', 'Web端', '交互体验设计', 'PS']",无经验,硕士,全职,1,北京·海淀·西三旗,2025/3/31,10000.0,0,硕士,0.0,30777
216,北京,人工智能算法工程师,1-1.3万·13薪,"['深度学习', '机器学习', '大模型算法']",无经验,硕士,全职,3,北京·海淀·中关村,2025/3/6,11500.0,0,硕士,0.0,30789
217,北京,人工智能算法工程师,1-2万,"['大模型算法', 'GPT', 'PyTorch', 'TensorFlow', 'Python']",3-5年,本科,全职,1,北京·朝阳·朝外,2025/2/27,15000.0,0,本科,4.0,30647
218,北京,ai算法工程师,1-1.6万·14薪,"['机器学习', '机器视觉', 'Python']",3-5年,本科,全职,3,北京·朝阳·朝外,2025/3/27,13000.0,0,本科,4.0,30733
219,北京,信息技术教研员,8000-15000元,"['教案设计', '教学设计', '课程设计']",1-3年,本科,全职,5,北京·石景山·八宝山,2025/4/1,11500.0,0,本科,2.0,30790
220,北京,生成式AI（大模型）算法工程师r,1.8-3万,"['PyTorch', 'Python']",经验不限,本科,全职,10,北京·海淀·青龙桥,2025/3/31,24000.0,0,本科,,30690
221,北京,产品经理（人工智能方向）,2-3万,[],5-10年,本科,全职,4,北京·朝阳·朝外,2025/3/17,25000.0,0,本科,7.5,30791
222,北京,Python 工程师,1-1.8万,"['MongoDB', 'MySQL', 'PostgreSQL']",3-5年,本科,全职,1,北京·海淀·北太平庄,2025/2/10,14000.0,0,本科,4.0,30792
223,北京,销售经理,1.5-2万,[],经验不限,本科,全职,3,北京·东城·东四,2025/3/31,17500.0,0,本科,,30793
224,北京,人工智能算法工程师,1.5-3万,"['机器人算法', '模式识别']",3-5年,本科,全职,1,北京·海淀·海淀街道,2025/1/8,22500.0,0,本科,4.0,30718
225,北京,机器人视觉研发工程师,1.5-2.5万,"['机器人', '图像识别产品', 'Transformer', 'OpenCV', 'PyTorch', 'Python', 'C++']",1-3年,本科,全职,1,北京·昌平,2025/3/27,20000.0,0,本科,2.0,30794
226,北京,电网发展业务人工智能应用产品经理,1.5-2.5万,[],3-5年,本科,全职,1,北京·西城·椿树,2024/7/22,20000.0,0,本科,4.0,30645
227,北京,网络人工智能科研工程师2025SBZ17,2.3-2.5万,[],经验不限,硕士,全职,1,北京·海淀·花园路,2025/4/1,24000.0,0,硕士,,30626
228,北京,人工智能大模型应用开发工程师,3-3.5万,"['深度学习', '机器学习', '大模型算法', 'GPT', 'AGENT开发', 'Transformer', '自然语言处理', '搜索/推荐算法', 'PyTorch', 'TensorFlow', 'Python', 'C++', 'Rust']",3-5年,硕士,全职,1,北京·西城·德胜,2025/3/6,32500.0,0,硕士,4.0,30795
229,北京,售前解决方案经理（人工智能国产化）,1.5-2.5万,"['AI', '售前']",3-5年,本科,全职,1,北京·海淀,2025/3/14,20000.0,0,本科,4.0,30796
230,北京,人工智能专家,3-4.5万,"['深度学习', '语音识别', '大模型算法', '知识图谱', '自然语言处理', '机器视觉', 'C++', 'Python']",5-10年,本科,全职,1,北京·朝阳·高碑店,2024/7/23,37500.0,0,本科,7.5,30677
231,北京,LLM基模型训练专家,5-8万·14薪,"['DNN', 'CNN', 'RNN', 'LSTM']",1-3年,硕士,全职,1,北京·海淀·马连洼,2025/3/28,65000.0,1,硕士,2.0,30721
232,北京,网络安全人工智能专家,3-6万,"['人工智能专家', '大语言模型', 'LLM', '大模型', '网络安全智能化研究']",10年以上,本科,全职,1,北京·昌平,2025/3/25,45000.0,1,本科,,30797
233,北京,AI Agent兼职讲师,2000-4000元/天,"['课程教授', '大模型微调', '会使用COZE搭建智能体', 'Transformer', 'RAG', '检索增强生成']",经验不限,本科,兼职/临时,1,北京·朝阳·大屯,2025/3/14,65250.0,1,本科,,30798
234,北京,AI工程师,1.2-2万,"['TensorFlow', 'PyTorch', 'BERT', 'Python', 'Java', 'GTP']",1-3年,本科,全职,1,北京·海淀·清华园,2024/11/8,16000.0,0,本科,2.0,30799
235,北京,AI应用开发工程师,1.1-1.8万,"['机器学习', '深度学习', 'DNN', '强化学习 ']",1-3年,本科,全职,1,北京·朝阳,2024/12/6,14500.0,0,本科,2.0,30800
236,北京,AI售前方案（职业教育，校企合作，人工智能）,2-3万,['数字化产品'],10年以上,本科,全职,1,北京·通州·台湖,2025/3/28,25000.0,0,本科,,30749
237,北京,AI中心-人工智能大模型方向资深专家(J10277),1.5-3万·13薪,['深度学习'],10年以上,博士,全职,1,北京·西城·广安门内,2025/2/19,22500.0,0,博士,,30801
238,北京,AI技术专家,4-6万,"['Python', 'C++']",1-3年,博士,全职,1,北京·海淀·北下关,2025/2/27,50000.0,1,博士,2.0,30802
239,北京,客户经理（人工智能）,1.2-2万,"['渠道销售', '面销/陌拜', '区域销售', '信息化', '边缘计算', 'AI']",1-3年,本科,全职,1,北京·海淀·花园路,2025/2/28,16000.0,0,本科,2.0,30735
240,北京,人工智能业务专家,1.5-3万,[],5-10年,本科,全职,1,北京·西城·椿树,2025/4/1,22500.0,0,本科,7.5,30662
241,北京,销售经理,1.1-1.5万,['政府客户'],5-10年,本科,全职,1,北京·丰台·丰台街道,2025/3/25,13000.0,0,本科,7.5,30803
242,北京,政府项目支撑（科技项目主管）,1-1.5万·15薪,"['政府申报项目', '知识产权申报项目', '公司资质申报项目', '科技项目申报政府课题PPT文笔好']",3-5年,本科,全职,1,北京·朝阳·东湖,2024/11/28,12500.0,0,本科,4.0,30804
243,北京,人工智能培训教师,1.7-2.5万,"['课程策划', '课程教授']",1-3年,硕士,全职,1,北京·朝阳·奥运村,2025/3/24,21000.0,0,硕士,2.0,30805
244,北京,人工智能博士后,2.5-4万,[],无经验,博士,全职,1,北京·怀柔·怀北,2025/3/5,32500.0,0,博士,0.0,30770
245,北京,销售经理,8000-16000元,['渠道销售'],3-5年,大专,全职,1,北京·海淀·马连洼,2025/3/19,12000.0,0,大专,4.0,30723
246,北京,人工智能架构师,3-5万,"['机器学习', '深度学习', '多模态算法', '机器视觉', '自然语言处理']",3-5年,硕士,全职,1,北京·朝阳·望京,2025/2/28,40000.0,1,硕士,4.0,30806
247,北京,人工智能算法工程师,1.1-1.9万·15薪,"['文本分类', 'PaddlePaddle', 'PyTorch', 'TensorFlow', 'Python']",经验不限,硕士,全职,1,北京·石景山·苹果园,2025/2/14,15000.0,0,硕士,,30788
248,北京,高级机器学习算法工程师,4-6万·13薪,"['自然语言处理', 'Python', '机器学习']",3-5年,本科,全职,1,北京·海淀·紫竹院,2025/3/21,50000.0,1,本科,4.0,30807
249,北京,算法工程师（北京）,2.5-5万,"['机器人', 'OpenCV', 'C++', 'MATLAB']",1-3年,本科,全职,1,北京·海淀·西北旺,2024/9/5,37500.0,0,本科,2.0,30808
250,北京,咨询顾问（人工智能方向）,1.8-2.3万,[],5-10年,本科,全职,5,北京·西城·椿树,2025/4/1,20500.0,0,本科,7.5,30662
251,北京,下一代网络与人工智能科学家/专家,2-3万,"['机器学习', '大模型算法']",无经验,博士,全职,1,北京·海淀·马连洼,2025/3/19,25000.0,0,博士,0.0,30782
252,北京,人工智能算法工程师-人工智能事业部(J11424),1.5-3万,"['深度学习', '机器学习', '大模型算法', 'Transformer']",1-3年,硕士,全职,999,北京·丰台·丰台街道,2025/3/18,22500.0,0,硕士,2.0,30780
253,北京,人工智能数据工程师,1.5-2万,['人工智能'],5-10年,硕士,全职,3,北京·石景山·鲁谷,2025/3/5,17500.0,0,硕士,7.5,30781
254,北京,人工智能及大模型算法工程师（校企合作博后）,2.7-5万,"['图像算法', '多模态算法', '大模型算法', 'BLIP', 'GPT']",经验不限,博士,全职,1,北京·海淀·紫竹院,2025/2/5,38500.0,1,博士,,30809
255,北京,解决方案工程师,1.4-1.9万,"['智慧产品', '智慧城市', '智慧应急 智慧消防']",3-5年,本科,全职,1,北京·海淀·中关村,2025/3/4,16500.0,0,本科,4.0,30810
256,北京,行政专员,5000-10000元,"['内勤管理', '接待事务', '后勤管理']",3-5年,大专,全职,1,北京·海淀,2025/1/25,7500.0,0,大专,4.0,30811
257,北京,人工智能技术应用专家,2-4万,['自然语言处理'],经验不限,博士,全职,1,北京·昌平·沙河,2025/3/18,30000.0,0,博士,,30812
258,北京,人工智能/机器学习资深算法工程师,1.5-3万,"['决策树', '智能制造', 'C++', '视觉图像算法', '机器视觉', '机器学习', '图像算法', '线性回归', 'Python', '深度学习']",3-5年,本科,全职,1,北京·海淀·海淀街道,2025/2/7,22500.0,0,本科,4.0,30813
259,北京,科研项目管理,1.1-2万·15薪,['司法信息化'],经验不限,硕士,全职,1,北京·丰台·新村,2024/10/29,15500.0,0,硕士,,30788
260,北京,AI技术部研发工程师,1.6-3万,['深度学习'],经验不限,博士,全职,2,北京·海淀,2025/3/28,23000.0,0,博士,,30814
261,北京,人工智能算法开发工程师,1.5-3万·13薪,"['生成式模型', '迁移学习', '强化学习 ']",经验不限,硕士,全职,1,北京·海淀·中关村,2025/3/10,22500.0,0,硕士,,30815
262,北京,人工智能应用研究工程师,1.2-2万,['大模型算法'],1-3年,硕士,全职,2,北京·东城·和平里,2025/3/17,16000.0,0,硕士,2.0,30816
263,北京,【北京】算法工程师(J11823),1.4-2.5万·15薪,"['深度学习', '图像算法', '智能驾驶', '机器视觉', 'PyTorch', 'Python']",3-5年,本科,全职,1,北京·朝阳·麦子店,2025/3/26,19500.0,0,本科,4.0,30817
264,北京,AI工程师,2-3万,['机器视觉'],5-10年,硕士,全职,1,北京·朝阳,2025/3/27,25000.0,0,硕士,7.5,30818
265,北京,项目经理-人工智能事业部(J11419),1.4-2.5万,"['PMP', '冶金行业']",3-5年,本科,全职,999,北京·丰台·丰台街道,2025/3/27,19500.0,0,本科,4.0,30780
266,北京,人工智能算法工程师,3-6万,[],1-3年,硕士,全职,5,北京·西城·大栅栏,2025/3/17,45000.0,1,硕士,2.0,30819
267,北京,AI工程师,1.8-2.5万·16薪,['AI工程开发'],5-10年,本科,全职,1,北京·海淀,2025/2/10,21500.0,0,本科,7.5,30820
268,北京,AIGC技术助理,6000-10000元,"['AI讲师', 'AIGC画师', 'AIGC创作者', 'AIGC合伙人']",1-3年,学历不限,全职,1,北京·朝阳·八里庄,2025/3/19,8000.0,0,学历不限,2.0,30821
269,北京,Linux系统工程师（人工智能国产化）,2-2.5万,['Linux'],5-10年,本科,全职,1,北京·海淀,2025/3/14,22500.0,0,本科,7.5,30796
270,北京,猎头顾问（半导体/人工智能/机器人赛道）,1-2万,"['技术岗位招聘', '高端岗位招聘', 'RPO项目', '人力资源外包项目', '猎头']",3-5年,本科,全职,1,北京·大兴·荣华街道,2025/3/31,15000.0,0,本科,4.0,30822
271,北京,销售工程师,8000-13000元·13薪,"['企业客户', '政府客户']",经验不限,本科,全职,2,北京·海淀·清河,2025/2/20,10500.0,0,本科,,30742
272,北京,数据算法工程师,1.2-2.3万,[],3-5年,硕士,全职,1,北京·海淀·东升,2024/5/20,17500.0,0,硕士,4.0,30823
273,北京,人工智能工程师(J10105),面议,"['机器学习', '大模型算法', '自然语言处理', 'PyTorch']",3-5年,硕士,全职,1,北京·西城·金融街,2025/3/13,,0,硕士,4.0,30763
274,北京,解决方案项目经理（人工智能、城管、交通、公共安全方向）,1-2万,[],3-5年,本科,全职,1,北京·丰台·看丹,2025/2/10,15000.0,0,本科,4.0,30824
275,北京,机器人控制工程师,1.2-2.4万,[],1-3年,硕士,全职,1,北京·海淀·东升,2024/8/22,18000.0,0,硕士,2.0,30825
276,北京,人工智能与能源科技管培生,7000-10000元,['计算机专业'],无经验,本科,全职,5,北京·东城·东四,2025/3/17,8500.0,0,本科,0.0,30793
277,北京,解决方案专家（人工智能方向）,1.8-2.3万,[],5-10年,硕士,全职,1,北京·西城·椿树,2025/4/1,20500.0,0,硕士,7.5,30662
278,北京,AI工程师,1.5-3万,"['LANGCHAIN', 'LANGGRAPH', '智能体/AGENTS', '机器学习', '深度学习', '大模型算法', 'Transformer', '智能驾驶', '搜索/推荐算法', '自然语言处理']",经验不限,硕士,全职,1,北京·朝阳,2025/3/31,22500.0,0,硕士,,30826
279,北京,电子&装配工程师,8000-12000元,[],3-5年,大专,全职,1,北京·海淀,2025/3/17,10000.0,0,大专,4.0,30725
280,北京,人工智能算法工程师,1.5-2万,"['深度学习', '机器视觉']",1-3年,硕士,全职,1,北京·大兴·观音寺,2025/3/31,17500.0,0,硕士,2.0,30827
281,北京,人工智能工程师,1.8-2.5万,"['深度学习', '大模型算法', '多模态算法']",3-5年,本科,全职,1,北京·丰台·太平桥,2025/3/25,21500.0,0,本科,4.0,30828
282,北京,AI开发工程师,2-3万,[],1-3年,本科,全职,1,北京·西城·金融街,2024/11/15,25000.0,0,本科,2.0,30829
283,北京,GPU AI技术工程师,1.5-2.5万,[],1-3年,本科,全职,1,北京·海淀·海淀街道,2025/3/3,20000.0,0,本科,2.0,30830
284,北京,产品经理（人工智能）,9000-10000元,"['软件产品', '硬件产品', '智慧服务']",3-5年,本科,全职,1,北京·海淀·八里庄,2025/3/26,9500.0,0,本科,4.0,30831
285,北京,人工智能算法工程师,1.8-3万,"['算法研究', '遥感图像智能解译', 'ZC QB处理方向', 'LLM', 'VIT', 'CNN']",经验不限,博士,全职,2,北京·海淀·西北旺,2024/12/5,24000.0,0,博士,,30832
286,北京,新媒体客服,7000-9000元,"['网络客服', '电话客服']",1-3年,大专,全职,1,北京·海淀·中关村,2025/3/12,8000.0,0,大专,2.0,30810
287,北京,图像算法工程师,1-2万,"['图像算法', '数字图像', '图像处理', '模式识别', 'C++', 'Python', 'HALCON', 'OpenCV']",1-3年,本科,全职,1,北京·朝阳·亚运村,2024/12/24,15000.0,0,本科,2.0,30833
288,北京,研发工程师（人工智能）(J23452),1-1.8万,"['机器学习', '图像算法', '语音识别']",经验不限,硕士,全职,2,北京·海淀·青龙桥,2025/3/24,14000.0,0,硕士,,30834
289,北京,AI人工智能领域实习生,100-150元/天,"['可转正', '实习证明', '自然语言处理']",无经验,本科,实习,1,北京·朝阳,2025/3/7,2718.0,0,本科,0.0,30835
290,北京,大模型应用开发工程师,2-3万,"['TensorFlow', 'Python']",1-3年,本科,全职,1,北京·海淀·海淀街道,2025/3/20,25000.0,0,本科,2.0,30836
291,北京,高级产品经理,3-4.5万·14薪,"['智能客服', '智能问答', '大模型', '智能质检']",5-10年,本科,全职,1,北京·海淀·上地,2025/3/31,37500.0,0,本科,7.5,30837
292,北京,人工智能检验检测工程师,1-1.5万,"['SQL', 'Java', 'Python']",经验不限,硕士,全职,5,北京·通州·马驹桥,2024/12/30,12500.0,0,硕士,,30775
293,北京,人工智能技术专家,2.7-3.5万,"['深度学习', '图像算法']",10年以上,硕士,全职,1,北京·丰台·看丹,2024/8/12,31000.0,0,硕士,,30838
294,北京,数智技术中心-AI集成工程师,2-4万,[],3-5年,本科,全职,2,北京·门头沟,2025/3/27,30000.0,0,本科,4.0,30839
295,北京,AI Agent 应用开发工程师,2.2-3万,"['机器学习', '图像算法', '大模型算法']",3-5年,本科,全职,1,北京·海淀·上地,2025/3/21,26000.0,0,本科,4.0,30840
296,北京,人工智能算法研究岗（京外生源）,2.5-3.5万,"['机器视觉', '自然语言处理', '大模型算法', 'Python', 'C++', 'Java']",无经验,博士,全职,3,北京·朝阳·奥运村,2025/3/31,30000.0,0,博士,0.0,30841
297,北京,产品经理（人工智能）,9000-10000元,"['软件产品', '硬件产品', '智慧服务']",3-5年,本科,全职,1,北京·海淀·八里庄,2025/3/26,9500.0,0,本科,4.0,30831
298,北京,AIGC开发工程师,2-2.5万,[],3-5年,学历不限,全职,1,北京·西城·展览路,2025/3/25,22500.0,0,学历不限,4.0,30842
299,北京,强化学习算法工程师,2.5-4万,"['机器视觉', 'PyTorch', 'C++', 'ROS']",经验不限,硕士,全职,1,北京·海淀·西三旗,2025/3/4,32500.0,0,硕士,,30843
300,北京,人工智能博士后,9000-11000元,['研究员'],经验不限,博士,全职,1,北京·海淀·曙光,2025/3/20,10000.0,0,博士,,30844
301,北京,人工智能算法工程师,1.2-2.4万,['从事相关视频分析、算法研究优先'],1-3年,硕士,全职,2,北京·朝阳·和平街,2025/3/26,18000.0,0,硕士,2.0,30722
302,北京,AI应用开发工程师,2-2.5万,"['深度学习', 'GPT', 'BERT', 'LLM', 'Spring', 'SPRING BOOT']",3-5年,本科,全职,1,北京·朝阳·奥运村,2025/1/13,22500.0,0,本科,4.0,30845
303,北京,科研助理,1-1.5万,"['研究员', '助理研究员']",经验不限,硕士,全职,1,北京·海淀·万寿路,2025/1/20,12500.0,0,硕士,,30846
304,北京,人工智能 网络 博士后,2-2.6万·13薪,"['机器学习', '自然语言处理', '大模型']",无经验,博士,全职,1,北京·海淀·马连洼,2025/3/19,23000.0,0,博士,0.0,30782
305,北京,人工智能算法工程师,1.6-3万,[],1-3年,硕士,全职,1,北京·海淀·曙光,2025/3/20,23000.0,0,硕士,2.0,30847
306,北京,AI开发工程师,2-3.5万,['机器学习'],3-5年,本科,全职,1,北京·朝阳,2025/3/28,27500.0,0,本科,4.0,30848
307,北京,中高级AI研发（技术岗） 金融行业,2-4万·13薪,"['深度学习', '自然语言处理', '知识图谱', 'Java', 'Python']",5-10年,本科,全职,1,北京·海淀·上地,2025/1/10,30000.0,0,本科,7.5,30849
308,北京,人工智能公共数据平台/区块链技术相关软件和服务/数字文化创意软件开发/智能控制系统集成技术员,8000-12000元,[],经验不限,本科,全职,5,北京·朝阳·亚运村,2024/11/26,10000.0,0,本科,,30850
309,北京,人工智能技术专家 (MJ000175),2-4万·20薪,"['深度学习', '机器学习', '图像算法']",5-10年,硕士,全职,1,北京·顺义,2025/3/6,30000.0,0,硕士,7.5,30851
310,北京,商务专员,7000-9000元,['投标竞标'],1-3年,本科,全职,3,北京·海淀·上地,2025/2/25,8000.0,0,本科,2.0,30852
311,北京,算法工程师（人工智能方向）,1.6-2.2万·14薪,"['Python', 'C++', 'Java', '深度学习']",3-5年,硕士,全职,999,北京,2025/3/4,19000.0,0,硕士,4.0,30710
312,北京,客户总监（人工智能、医疗）,2-3万,"['会议/会展销售', '企业客户', '医疗机构']",5-10年,本科,全职,1,北京·大兴·荣华街道,2024/11/22,25000.0,0,本科,7.5,30853
313,北京,算法工程师,1-2万,['深度学习'],1-3年,硕士,全职,4,北京·海淀·中关村,2025/3/21,15000.0,0,硕士,2.0,30854
314,北京,nlp算法工程师,2-2.5万,"['Python', 'Transformer']",3-5年,本科,全职,1,北京·海淀·海淀街道,2025/3/21,22500.0,0,本科,4.0,30836
315,北京,人工智能项目经理（健康品行业）,2-2.5万,[],3-5年,本科,全职,1,北京·东城·朝阳门,2025/3/4,22500.0,0,本科,4.0,30855
316,北京,算法工程师（人工智能、大模型）,1.3-1.8万·14薪,['大模型算法'],1-3年,硕士,全职,1,北京,2025/3/4,15500.0,0,硕士,2.0,30710
317,北京,AI开发工程师岗,1.5-3万,[],经验不限,本科,全职,1,北京·朝阳·小关,2025/3/26,22500.0,0,本科,,30856
318,北京,AI算法工程师(004432),面议,[],5-10年,本科,全职,1,北京·丰台·太平桥,2025/3/27,,0,本科,7.5,30857
319,北京,属地化大项目经理（人工智能方向）,1.5-3万,[],3-5年,本科,全职,5,北京·西城·椿树,2025/4/1,22500.0,0,本科,4.0,30662
320,北京,AI讲师,2-2.2万,"['课程策划', '课程教授', '深度学习', '机器学习', '自然语音处理', '搜索算法', '运动控制算法', '推荐算法', '语音算法', '机器人算法']",1-3年,硕士,全职,1,北京·朝阳·奥运村,2025/3/5,21000.0,0,硕士,2.0,30805
321,北京,AI开发工程师,7000-14000元,"['深度学习', '机器学习', '图像算法']",1-3年,本科,全职,2,北京·海淀,2025/3/12,10500.0,0,本科,2.0,30858
322,北京,机械结构设计师,1-2万,[],1-3年,本科,全职,2,北京·海淀·清河,2025/3/25,15000.0,0,本科,2.0,30742
323,北京,ai人工智能技术与产品实习生,150-200元/天,"['可转正', '实习证明', '多模态算法', '图像算法', 'Python', '大模型算法']",无经验,本科,实习,1,北京·海淀·花园路,2025/3/3,3806.0,0,本科,0.0,30859
324,北京,前端工程师-人工智能事业部(J11422),1.5-2.5万,"['JavaScript', 'HTML5', 'TypeScript', 'ERP项目']",1-3年,本科,全职,999,北京·丰台·丰台街道,2025/3/27,20000.0,0,本科,2.0,30780
325,北京,AI算法专家,2-4万,['图像算法'],1-3年,硕士,全职,3,北京·海淀·上地,2025/3/13,30000.0,0,硕士,2.0,30778
326,北京,销售助理,1-1.5万,[],1-3年,大专,全职,1,北京·东城·和平里,2025/3/24,12500.0,0,大专,2.0,30786
327,北京,高级人工智能架构师,4-6万·14薪,"['CV视觉', '模型优化', '机器学习', '深度学习']",10年以上,硕士,全职,2,北京·海淀·马连洼,2025/3/19,50000.0,1,硕士,,30721
328,北京,策划编辑（人工智能、数据科学与大数据技术、计算机科学与技术相关专业）,1-1.5万,"['图书', '策划编辑', '工作居住证', '七险一金', '年终绩效', '免费健身房', '超长春节假期']",无经验,硕士,全职,1,北京·海淀·海淀街道,2025/3/7,12500.0,0,硕士,0.0,30860
329,北京,软件销售经理,1-1.2万,[],3-5年,本科,全职,1,北京·海淀·海淀街道,2024/8/16,11000.0,0,本科,4.0,30652
330,北京,CTO,5-7.5万,"['服务器配置', '算法基础', '负载均衡技术']",5-10年,硕士,全职,1,北京·丰台·马家堡,2025/3/24,62500.0,1,硕士,7.5,30861
331,北京,人工智能算法工程师,1.5-3万,"['大模型算法', '机器学习']",3-5年,本科,全职,1,北京·东城·北新桥,2025/3/11,22500.0,0,本科,4.0,30862
332,北京,人工智能标准研究与管理专员2025SAI20,1-1.5万,['人工智能'],经验不限,硕士,全职,1,北京·海淀·花园路,2025/4/1,12500.0,0,硕士,,30626
333,北京,大客户代表,1.5-3万,['区域销售'],1-3年,本科,全职,1,北京·东城·和平里,2025/3/31,22500.0,0,本科,2.0,30786
334,北京,大模型研发工程师,2-3万,"['自然语言处理', '人工神经网络', 'DNN', 'Python', 'Transformer', 'TensorFlow', 'PyTorch', '图像算法', '机器视觉', 'C语言', 'MindSpore', '语音识别', '模型架构设计', '机器学习/算法开发']",5-10年,硕士,全职,1,北京·昌平·沙河,2024/10/8,25000.0,0,硕士,7.5,30863
335,北京,人工智能算法工程师,1.5-2万,"['深度学习', 'Python']",5-10年,本科,全职,7,北京·丰台·六里桥,2025/2/25,17500.0,0,本科,7.5,30647
336,北京,人工智能算法工程师,2-3万,"['机器学习', '强化学习 ', 'Python', 'C++', 'PyTorch']",5-10年,硕士,全职,2,北京·东城·永定门外,2024/12/20,25000.0,0,硕士,7.5,30864
337,北京,AI应用开发工程师,2-4万,"['2年以上AI相关领域的开发经验', '人工智能相关专业', '硕士以上学历']",3-5年,硕士,全职,1,北京·昌平·北七家,2025/2/19,30000.0,0,硕士,4.0,30865
338,北京,遥感算法工程师,1.5-2万,"['Python', 'GDAL']",经验不限,硕士,全职,2,北京·海淀,2025/3/13,17500.0,0,硕士,,30664
339,北京,人工智能架构师（资深）,3.5-5万,"['熟悉NLP、CV', '云计算架构', '大数据架构', 'Java', 'Python', '算法基础', '多模态大模型算法', '智算平台规划建设运营', 'SpringBoot']",5-10年,博士,全职,1,北京·朝阳·望京,2025/1/13,42500.0,1,博士,7.5,30806
340,北京,ai人工智能算法工程师,2-3万,"['强化学习 ', '深度学习', '多模态算法', '导航算法', '搜索/推荐算法', '通信算法', 'C++', 'Python', '仿真', '聚类', '神经网络']",5-10年,硕士,全职,1,北京·丰台·六里桥,2024/11/5,25000.0,0,硕士,7.5,30866
341,北京,售前工程师,1-2万,[],经验不限,硕士,全职,2,北京·海淀,2025/3/7,15000.0,0,硕士,,30664
342,北京,ai人工智能架构师,1.8-2.5万,"['大模型', 'NLP']",3-5年,本科,全职,1,北京·西城·金融街,2025/3/12,21500.0,0,本科,4.0,30809
343,北京,人工智能项目经理-2025024,1.7-2.2万,"['PMP', '人工智能项目']",5-10年,本科,全职,1,北京·西城·西长安街,2025/3/26,19500.0,0,本科,7.5,30731
344,北京,项目工程师,1-1.5万,[],1-3年,本科,全职,6,北京·丰台·看丹,2025/2/13,12500.0,0,本科,2.0,30824
345,北京,视觉计算研究岗,2.6-4万,['图像识别产品'],1-3年,本科,全职,10,北京·朝阳·和平街,2024/6/15,33000.0,0,本科,2.0,30701
346,北京,AI人工智能研究院院长,3-5万,[],5-10年,硕士,全职,1,北京·朝阳,2025/2/28,40000.0,1,硕士,7.5,30867
347,北京,人工智能/人机交互标准化研究,1-1.5万,"['IEEE', 'CCSA']",经验不限,硕士,全职,5,北京·东城·北新桥,2024/7/16,12500.0,0,硕士,,30775
348,北京,AI算法工程师,1.2-2万,"['Python', 'C++', 'OpenCV', 'PyTorch', 'MXNet']",1-3年,本科,全职,2,北京·丰台·看丹,2024/12/19,16000.0,0,本科,2.0,30868
349,北京,大模型应用开发工程师,2-4万,['聊天机器人'],经验不限,本科,全职,1,北京·朝阳·望京,2025/2/19,30000.0,0,本科,,30772
350,北京,人工智能算法研究员,2.5-5万,"['图像算法', '大模型算法', 'GPT', 'NLP']",经验不限,博士,全职,1,北京·丰台·看丹,2025/3/3,37500.0,0,博士,,30711
351,北京,视觉计算开发工程师,2.6-4万,['图像识别产品'],1-3年,本科,全职,10,北京·朝阳·和平街,2024/6/15,33000.0,0,本科,2.0,30701
352,北京,人工智能算法研发工程师,1.3-2万,"['机器学习', '大模型算法', '自然语言处理', 'Python']",3-5年,本科,全职,1,北京·丰台·看丹,2025/3/18,16500.0,0,本科,4.0,30711
353,北京,人工智能工程师（图像识别方向）,1-1.5万,"['图像识别产品', '人脸识别产品', '智慧医疗']",经验不限,硕士,全职,1,北京·通州·台湖,2025/3/10,12500.0,0,硕士,,30869
354,北京,【校】人工智能应用工程师（定岗北京） (MJ000652),1.9-2万,"['深度学习', 'Transformer', 'DNN', '自然语言处理', '通信算法', '反欺诈/风控', 'PyTorch', 'OpenCV']",经验不限,硕士,全职,1,北京·丰台·看丹,2025/3/17,19500.0,0,硕士,,30870
355,北京,高级ai算法工程师,2.5-5万,"['大模型算法', '多模态算法']",3-5年,硕士,全职,1,北京·海淀·马连洼,2025/3/28,37500.0,0,硕士,4.0,30871
356,北京,时空数据库架构师,面议,"['数据库开发', '大数据开发']",3-5年,硕士,全职,1,北京·海淀·花园路,2025/2/11,,0,硕士,4.0,30872
357,北京,技术副总监（大数据与人工智能）(J42523),2.8-3.5万,"['人工职能', '大数据开发']",3-5年,博士,全职,1,北京·西城·德胜,2025/3/8,31500.0,0,博士,4.0,30873
358,北京,AI中心-解决方案架构师（AI人工智能方向）(J10120),1.5-3万·13薪,['智慧产品'],3-5年,硕士,全职,999,北京·西城·广安门内,2025/2/21,22500.0,0,硕士,4.0,30801
359,北京,AI全液冷智算一体机大客户经理,1-1.5万,"['渠道销售', '面销/陌拜', '区域销售', '人工智能行业销售经验']",3-5年,本科,全职,1,北京·海淀·上地,2025/3/1,12500.0,0,本科,4.0,30874
360,北京,商务精英（AI人工智能会展传媒业务线）,8000-16000元,"['渠道合作', '投标竞标', '商务合作', '政府客户', '院校客户', '企业客户', '人工智能', '招标投标', '商务谈判']",1-3年,大专,全职,4,北京·朝阳,2025/3/14,12000.0,0,大专,2.0,30875
361,北京,人工智能算法工程师4,1.5-3万,"['深度学习', '机器学习', 'TensorFlow', 'PyTorch']",1-3年,硕士,全职,4,北京·海淀·青龙桥,2025/2/24,22500.0,0,硕士,2.0,30690
362,北京,大模型算法工程师,2.3-2.8万,"['多模态算法', '大模型算法', 'Python', 'AGENT', '自然语言处理', 'TensorFlow']",3-5年,本科,全职,1,北京·海淀·上地,2025/3/24,25500.0,0,本科,4.0,30630
363,北京,AI开发工程师,1.5-3万,"['深度学习', '大模型算法']",经验不限,本科,全职,5,北京·朝阳·小关,2025/3/27,22500.0,0,本科,,30856
364,北京,博士后（人工智能算法）,2.5-3.5万,"['深度学习', '强化学习 ', '多模态算法']",1-3年,博士,全职,1,北京·丰台·六里桥,2024/11/5,30000.0,0,博士,2.0,30866
365,北京,解决方案售前(人工智能、城管、交通、公共安全方向)北京,9000-12000元,[],1-3年,本科,全职,1,北京·丰台·看丹,2025/2/10,10500.0,0,本科,2.0,30824
366,北京,公关经理,2-3.5万,"['甲方公司', '商务公关', '活动公关', '品牌公关', '文案PPT熟练', '3d视觉', '人形机器人']",5-10年,本科,全职,1,北京·海淀,2025/3/26,27500.0,0,本科,7.5,30808
367,北京,人工智能算法研究员/高级算法工程师,1.8-3.5万,"['多模态算法', '大模型算法', '强化学习 ', 'Q学习', 'SARSA', 'DQN', 'GPT', 'XLNet', 'RoBERTa', 'BLIP', 'VLMo', 'ALIGN', '自然语言处理', '机器视觉', '知识图谱', 'PyTorch', 'TensorFlow', '', '', '', '', '', '', '']",3-5年,博士,全职,1,北京·石景山·鲁谷,2025/3/26,26500.0,0,博士,4.0,30876
368,北京,高薪诚聘-人工智能高级技术专家-海淀区,2-3万,['TensorFlow'],5-10年,硕士,全职,1,北京·海淀·上地,2024/11/6,25000.0,0,硕士,7.5,30812
369,北京,大客户销售专员,1-1.5万,"['网络安全', '软件行业', '硬件行业', '面销', '大客户（KA）', '院校客户', '政府客户', '企业客户（2B）']",1-3年,大专,全职,20,北京·海淀·上地,2025/3/17,12500.0,0,大专,2.0,30877
370,北京,大模型工程师,1.5-3万·15薪,"['Python', 'PyTorch', 'TensorFlow', 'MEGATRON', 'DEEPSPEED', 'DEEPSPEED-CHAT', 'LoRa', 'GPT', 'P-TUNING']",5-10年,本科,全职,1,北京·朝阳·东湖,2024/12/4,22500.0,0,本科,7.5,30804
371,北京,质量管控工程师-人工智能事业部(J11427),1.4-2.5万,['全面质量管理体系'],5-10年,硕士,全职,999,北京·丰台·丰台街道,2025/3/18,19500.0,0,硕士,7.5,30780
372,北京,人工智能 架构师（资深）,3-5万,"['Java', 'C语言', 'Python', '大数据架构', '平台架构', '深度学习开发框架', '人工智能系统开发经验', 'AI算法开发 大模型训练', '系统架构设计']",10年以上,博士,全职,1,北京·朝阳·望京,2025/3/3,40000.0,1,博士,,30806
373,北京,AI应用专员 （视频图片方向）,1-2万,['AI应用（视频图片方向）'],1-3年,本科,全职,1,北京·丰台·玉泉营,2025/3/19,15000.0,0,本科,2.0,30878
374,北京,智算BD,1-1.5万·15薪,['KA大客户'],3-5年,本科,全职,1,北京·朝阳·东湖,2024/6/7,12500.0,0,本科,4.0,30804
375,北京,人工智能数据采集员/25小时,25元/时,[],经验不限,大专,兼职/临时,1,北京·通州·台湖,2025/3/17,,0,大专,,30879
376,北京,工业人工智能标准化及技术研究,8000-12000元,[],经验不限,硕士,全职,1,北京·东城·安定门,2024/10/14,10000.0,0,硕士,,30775
377,北京,数智技术中心-AI算法工程师,2-4万,['大模型算法'],3-5年,硕士,全职,1,北京·门头沟,2025/3/27,30000.0,0,硕士,4.0,30839
378,北京,强化学习算法工程师,2.5-4万,"['强化学习算法', '机械臂', '双足']",经验不限,硕士,全职,1,北京·海淀·西三旗,2025/3/27,32500.0,0,硕士,,30843
379,北京,市场经理-人工智能事业部(J11420),1.5-3万,"['市场营销', '钢铁冶金']",5-10年,本科,全职,999,北京·丰台·丰台街道,2025/3/18,22500.0,0,本科,7.5,30780
380,北京,央视网人工智能专栏频道资深记者,3-4万,"['摄影记者', '文字记者', '电视记者', '记者证', '新闻采编资格证', '才艺']",10年以上,本科,全职,1,北京·海淀·甘家口,2025/3/26,35000.0,0,本科,,30880
381,北京,智算产品经理（硬件方向）,1.5-3万·15薪,"['GPU', '大模型应用', '一体机', '智算']",5-10年,本科,全职,1,北京·朝阳·东湖,2024/7/18,22500.0,0,本科,7.5,30804
382,北京,AI Agent开发工程师（大模型研究部）,1.8-3.5万,[],经验不限,硕士,全职,1,北京·海淀,2025/2/10,26500.0,0,硕士,,30691
383,北京,人工智能研发工程师（2025届）,2.5-3万·16薪,"['PyTorch', 'TensorFlow']",无经验,博士,全职,1,北京·海淀·学院路,2024/12/25,27500.0,0,博士,0.0,30881
384,北京,销售工程师（AI）,1.2-2万·20薪,"['企业客户', '政府客户', '渠道销售', '区域销售', '运营商', '解决方案', '信息化']",3-5年,本科,全职,3,北京·海淀·花园路,2025/3/5,16000.0,0,本科,4.0,30735
385,北京,大客户销售代表（华北）,1-2万,"['渠道销售', '区域销售', '代理商销售']",3-5年,大专,全职,1,北京·海淀·中关村,2025/3/23,15000.0,0,大专,4.0,30718
386,北京,人工智能研究实习生招聘,250-350元/天,[],无经验,硕士,实习,2,北京·海淀,2025/3/5,6525.0,0,硕士,0.0,30770
387,北京,人工智能合伙人（国企改革与产权交易智能化升级）,1.6-2.2万,['大模型'],经验不限,硕士,全职,1,北京·丰台·太平桥,2025/2/24,19000.0,0,硕士,,30784
388,北京,大模型算法-工程技术岗/研究岗,2-4万·15薪,"['深度学习', '大模型算法', '多模态算法', '自然语言处理', '知识图谱']",1-3年,硕士,全职,1,北京·海淀·苏家坨,2024/9/6,30000.0,0,硕士,2.0,30882
389,北京,Python开发工程师（大模型方向）,1.6-2万,['MYSQL/POSTGRESQL'],3-5年,本科,全职,1,北京·海淀·中关村,2025/3/4,18000.0,0,本科,4.0,30810
390,北京,研发中心-人工智能技术研究与应用,面议,[],5-10年,硕士,全职,10,北京·通州·马驹桥,2025/3/19,,0,硕士,7.5,30883
391,北京,人工智能工程师（机器视觉）,1.5-3万,"['图像识别产品', '人脸识别产品', '智慧医疗', 'C++', 'C语言', 'C#']",5-10年,硕士,全职,1,北京·通州·台湖,2025/3/10,22500.0,0,硕士,7.5,30869
392,北京,渠道经理,8000-15000元,"['机器人推广', '特种机器人']",3-5年,学历不限,全职,1,北京·海淀,2025/3/18,11500.0,0,学历不限,4.0,30825
393,北京,现场实施工程师,1.1-1.2万,"['CAD', '硬件实施', '软件实施', '视频监控、智能分析', 'MySQL', 'SQL Server', 'MARIADB', 'C++', 'Java']",1-3年,本科,全职,2,北京·丰台·看丹,2025/4/1,11500.0,0,本科,2.0,30803
394,北京,人工智能安全研究员,1-1.2万,[],1-3年,硕士,全职,1,北京·海淀·花园路,2025/4/1,11000.0,0,硕士,2.0,30626
395,北京,人工智能算法工程师r,1.8-3万,"['机器学习', '深度学习', 'PyTorch', 'TensorFlow']",1-3年,本科,全职,4,北京·海淀·青龙桥,2025/3/31,24000.0,0,本科,2.0,30690
396,北京,研发工程师（智能制造方向）,1.2-2万,"['大模型算法', '建模']",无经验,硕士,全职,2,北京·朝阳·八里庄,2024/11/18,16000.0,0,硕士,0.0,30719
397,北京,教育机器人销售,8000-15000元,"['渠道销售', '区域销售', '代理商销售']",5-10年,本科,全职,10,北京·朝阳·亚运村,2024/6/16,11500.0,0,本科,7.5,30884
398,北京,新能源信息化方案设计师（大数据和人工智能方向）,1.5-2.5万,[],3-5年,硕士,全职,3,北京·东城·和平里,2024/10/29,20000.0,0,硕士,4.0,30885
399,北京,人工智能开发工程师(A96725),1.3-1.7万·14薪,"['深度学习', '机器学习', '大模型算法', 'Transformer', 'PyTorch', 'TensorFlow']",无经验,硕士,全职,3,北京·东城·永定门外,2025/1/15,15000.0,0,硕士,0.0,30886
400,北京,AI研究科学家,2-3万·13薪,"['深度学习', '大模型算法', '图像算法', '知识图谱', '自然语言处理', '机器视觉']",无经验,博士,全职,1,北京·昌平·龙泽园,2025/3/21,25000.0,0,博士,0.0,30887
401,北京,副总经理,1.5-2.5万,"['销售管理', '运营管理', '战略管理', '企业运营', '中型企业', '集团公司', '大型企业', '大客户资源', '渠道资源', '技术资源']",5-10年,本科,全职,1,北京·海淀·中关村,2025/3/28,20000.0,0,本科,7.5,30888
402,北京,人工智能算法工程师,2.5-4万·13薪,[],3-5年,硕士,全职,1,北京·丰台·看丹,2025/3/13,32500.0,0,硕士,4.0,30889
403,北京,（校招）后端工程师-人工智能事业部(J11429),8000-16000元·16薪,['.NET Core'],1年以下,本科,全职,1,北京·丰台·丰台街道,2025/3/17,12000.0,0,本科,,30780
404,北京,算法工程师,2.7-5万·14薪,['图像算法'],经验不限,本科,全职,1,北京·海淀·海淀街道,2024/11/1,38500.0,1,本科,,30890
405,北京,自然语言处理工程技术岗/研究岗,2-4万·15薪,"['文本分析', '信息抽取']",1-3年,硕士,全职,1,北京·海淀·苏家坨,2024/9/6,30000.0,0,硕士,2.0,30882
406,北京,实习生（人工智能方向）(J23255),100-150元/天,"['可转正', '实习证明', '机器视觉', '自然语言处理', '图像算法']",经验不限,硕士,实习,3,北京·海淀·青龙桥,2025/3/6,2718.0,0,硕士,,30834
407,北京,人工智能辅助蛋白质设计,2-2.6万,"['计算生物学', '结构生物学', 'Python']",经验不限,硕士,全职,1,北京·通州·台湖,2025/3/27,23000.0,0,硕士,,30891
408,北京,智能算法工程师,1.5-3万,"['深度学习', 'NLP', 'CUDA']",3-5年,本科,全职,1,北京·清华园,2024/6/17,22500.0,0,本科,4.0,30892
409,北京,环卫人工智能算法工程师,1.6-3万,"['深度学习', '机器学习', '图像算法']",3-5年,本科,全职,1,北京·顺义·双丰,2024/8/20,23000.0,0,本科,4.0,30893
410,北京,ai算法工程师,1.2-2万,"['Python', 'C++', '云计算', '大数据']",1-3年,本科,全职,1,北京·顺义·南法信,2025/2/6,16000.0,0,本科,2.0,30894
411,北京,开发人员,1-2万,[],3-5年,本科,全职,1,北京·海淀·万寿路,2025/2/13,15000.0,0,本科,4.0,30846
412,北京,人工智能数据采集质检兼职周结160/天,4000-5000元,[],无经验,中专/中技,全职,20,北京·通州·台湖,2025/3/28,4500.0,0,中专/中技,0.0,30879
413,北京,人工智能方向研发工程师,1.5-2万,[],无经验,硕士,全职,1,北京·东城·和平里,2025/2/21,17500.0,0,硕士,0.0,30895
414,北京,图像算法工程师,1-2万·13薪,"['图像处理', '目标跟踪', '数字图像', '图像算法', 'OpenCV', 'TensorFlow']",1-3年,硕士,全职,1,北京·海淀·上地,2025/3/5,15000.0,0,硕士,2.0,30896
415,北京,算法工程师,9000-10000元,"['Python', 'C++', 'Java']",经验不限,硕士,全职,1,北京·海淀,2025/3/27,9500.0,0,硕士,,30897
416,北京,人工智能算法实习生,200-250元/天,"['可转正', '实习证明', '视觉图像算法', '自然语言处理', 'PyTorch', 'TensorFlow', 'Python', 'SQL', '机器学习']",无经验,硕士,实习,3,北京·海淀·学院路,2025/2/26,4893.0,0,硕士,0.0,30898
417,北京,人工智能研发工程师（2024届校招）,1.2-1.6万·14薪,"['文本分析', '文本挖掘', '舆情分析', '文本分类']",经验不限,硕士,实习,1,北京·海淀·东升,2024/7/17,14000.0,0,硕士,,30710
418,北京,产品运营工程师,8000-16000元,"['B端用户', 'C端用户']",经验不限,大专,全职,5,北京·朝阳,2025/3/21,12000.0,0,大专,,30875
419,北京,销售工程师,6000-10000元,"['电子/半导体', '硬件行业', '全国', '军工']",1-3年,大专,全职,2,北京·海淀·海淀街道,2025/4/1,8000.0,0,大专,2.0,30899
420,北京,人工智能芯片设计,2-3万,['计算机及集成电路设计等'],经验不限,硕士,全职,1,北京·朝阳·亚运村,2025/3/13,25000.0,0,硕士,,30726
421,北京,暑假实习/机械/电子/人工智能实习,200-400元/天,[],无经验,本科,实习,2,北京·海淀·中关村,2025/3/19,6525.0,0,本科,0.0,30900
422,北京,销售助理,7000-10000元,"['招投标', '项目交流', 'PPT讲解']",3-5年,大专,全职,2,北京·丰台·看丹,2025/4/1,8500.0,0,大专,4.0,30803
423,北京,Python后台开发,1.8-3万·13薪,"['Python', 'PADDLE', 'TensorFlow', 'pytorch']",5-10年,本科,全职,2,北京·昌平·回龙观,2025/4/1,24000.0,0,本科,7.5,30901
424,北京,营销经理(人工智能@暖通机电运维）,1-2万,['市场拓展'],3-5年,本科,全职,1,北京·海淀·中关村,2024/11/18,15000.0,0,本科,4.0,30902
425,北京,数据产品经理,1.5-2万,[],3-5年,本科,全职,1,北京·海淀·海淀街道,2024/8/16,17500.0,0,本科,4.0,30652
426,北京,大客户销售（北京）,9000-15000元,[],1-3年,大专,全职,2,北京·丰台·新村,2025/4/1,12000.0,0,大专,2.0,30903
427,北京,人工智能模型训练优化,2.6-5万,"['人工智能模型', 'Transformer', 'PyTorch', 'Python', 'MATLAB', 'Java']",5-10年,硕士,全职,4,北京·丰台·看丹,2025/2/20,38000.0,0,硕士,7.5,30904
428,北京,存算一体人工智能方向博士后,4-5.5万,['芯片'],1-3年,博士,全职,1,北京·海淀·东升,2025/3/18,47500.0,1,博士,2.0,30905
429,北京,品牌经理,1.5-2.2万,"['品牌公关', '品牌营销', '新媒体媒介', '智能硬件', '线下活动', '视频拍剪', '文案能力']",5-10年,本科,全职,1,北京·石景山·古城,2025/3/27,18500.0,0,本科,7.5,30906
430,北京,AI工程师,3.5-4万,"['大模型算法', '搜索/推荐算法', '英语']",经验不限,硕士,全职,1,北京·海淀·上地,2025/3/12,37500.0,0,硕士,,30907
431,北京,人工智能标准化政策研究岗（全职/实习）,8000-12000元,[],经验不限,硕士,全职,2,北京·东城·安定门,2024/8/5,10000.0,0,硕士,,30775
432,北京,人工智能（数字工程研究中心-数据建模）,1.8-2.7万,"['C++', 'Python', 'C#']",1-3年,硕士,全职,1,北京·海淀·羊坊店,2025/2/10,22500.0,0,硕士,2.0,30908
433,北京,GPU云工程师（全栈式）,2-3万·15薪,"['全栈', 'Python', 'GoLang']",5-10年,本科,全职,1,北京·朝阳·东湖,2024/6/28,25000.0,0,本科,7.5,30804
434,北京,AI 应用开发工程师,2-2.5万,[],5-10年,本科,全职,3,北京·海淀·北下关,2025/3/25,22500.0,0,本科,7.5,30909
435,北京,标准化领域人工智能应用前端开发岗,1.2-1.5万,"['CSS', 'JavaScript', 'TypeScript', 'Vue']",经验不限,本科,全职,1,北京·海淀·北太平庄,2025/3/13,13500.0,0,本科,,30640
436,北京,千亿机遇人工智能运营总监经理,2-3.5万,"['电商运营', '产品运营', '用户运营']",1-3年,本科,全职,1,北京·顺义·空港,2025/3/6,27500.0,0,本科,2.0,30910
437,北京,强化学习算法工程师,2-4万,"['机械臂', '机器人']",1-3年,硕士,全职,1,北京·海淀·上地,2024/11/27,30000.0,0,硕士,2.0,30843
438,北京,技术研发工程师,1.6-3万,"['Java', 'Python']",3-5年,本科,全职,2,北京·海淀·西北旺,2025/3/17,23000.0,0,本科,4.0,30743
439,北京,千亿机遇人工智能产品总监经理启事,2-3.5万,[],1-3年,本科,全职,1,北京·顺义·空港,2025/3/6,27500.0,0,本科,2.0,30910
440,北京,后端工程师-人工智能事业部(J11421),1.6-3万,"['C#', '.NET Core']",1-3年,本科,全职,999,北京·丰台·丰台街道,2025/3/18,23000.0,0,本科,2.0,30780
441,北京,AI写作工程师,6000-12000元,['语义分析'],1-3年,本科,全职,1,北京·房山·拱辰,2025/3/18,9000.0,0,本科,2.0,30911
442,北京,生产计划调度工程师-人工智能事业部(J11425),1.2-2.4万,"['生产物料管理', '成本管理', '钢铁冶金']",5-10年,硕士,全职,999,北京·丰台·丰台街道,2025/3/18,18000.0,0,硕士,7.5,30780
443,北京,外贸业务员,1-1.5万,"['英语', '阿里巴巴国际站', 'WhatsApp', 'Twitter', 'Facebook', '通信/网络设备']",1-3年,大专,全职,1,北京·朝阳·崔各庄,2025/2/10,12500.0,0,大专,2.0,30912
444,北京,ai研发工程师,1.5-2万,[],3-5年,本科,全职,1,北京·西城·德胜,2024/11/20,17500.0,0,本科,4.0,30913
445,北京,（校招）前端工程师-人工智能事业部(J11428),8000-16000元·16薪,"['JavaScript', 'HTML5']",1年以下,本科,全职,999,北京·丰台·丰台街道,2025/3/18,12000.0,0,本科,,30780
446,北京,大客户业务经理（人工智能、新能源、汽车、医疗）,1-2万,"['新能源检测', '汽车检测', '咨询培训']",5-10年,大专,全职,5,北京·大兴·博兴,2024/7/18,15000.0,0,大专,7.5,30914
447,北京,人工智能检测260一天,7000-8000元·13薪,"['电子检测', '通信检测', '性能检测']",经验不限,学历不限,全职,10,北京·大兴·荣华街道,2024/12/11,7500.0,0,学历不限,,30915
448,北京,AI Agent算法工程师（初、中、高级）(J10675),2-4万,"['深度学习', '机器学习', '多模态算法', '自然语言处理', '知识图谱', 'PROMPT', 'AGENT', 'RAG', 'Python', 'Java']",3-5年,本科,全职,5,北京·丰台·看丹,2025/3/5,30000.0,0,本科,4.0,30916
449,北京,AI算法工程师/七险一金,2.5-4万,[],3-5年,硕士,全职,2,北京·海淀·花园路,2025/3/25,32500.0,0,硕士,4.0,30917
450,北京,人工智能数据采集质检 周结160/天 应届实习生,3000-6000元,"['双休', '早十晚七']",1年以下,大专,全职,99,北京·通州·台湖,2025/3/31,4500.0,0,大专,,30879
451,北京,智能客服算法工程师,2.5-3万·14薪,[],经验不限,博士,全职,1,北京·西城·德胜,2025/2/10,27500.0,0,博士,,30918
452,北京,深度学习开发工程师（视觉方向）,1.2-2万,"['深度学习', 'Python', '模型落地应用']",3-5年,本科,全职,1,北京·石景山·古城,2024/11/19,16000.0,0,本科,4.0,30919
453,北京,语言训练模型专家,2.4-2.5万,"['文本分析', '篇章分析', '语义分析']",3-5年,硕士,全职,1,北京·朝阳·双井,2025/2/18,24500.0,0,硕士,4.0,30671
454,北京,AI算法工程师/七险一金,2-4万,[],1-3年,硕士,全职,2,北京·海淀·花园路,2025/3/25,30000.0,0,硕士,2.0,30917
455,北京,智算项目经理,2-2.5万·15薪,"['云计算实施', '项目交付']",5-10年,本科,全职,1,北京·朝阳·东湖,2024/6/29,22500.0,0,本科,7.5,30804
456,北京,大模型应用工程师,9000-14000元,['大模型算法'],经验不限,本科,全职,1,北京·海淀·上地,2024/12/18,11500.0,0,本科,,30748
457,北京,AI架构师,2.5-4万,['Java'],5-10年,硕士,全职,1,北京·海淀·西三旗,2025/3/19,32500.0,0,硕士,7.5,30920
458,北京,加密流量分析工程师,1.8-2.5万,"['网络流量', '加密解密']",1-3年,本科,全职,1,北京·朝阳·麦子店,2024/6/28,21500.0,0,本科,2.0,30921
459,北京,机器学习算法工程师,1.8-2.5万,"['大模型算法', '自然语言处理', '聚类算法', '分类回归', '贝叶斯']",3-5年,硕士,全职,1,北京·朝阳·奥运村,2025/3/5,21500.0,0,硕士,4.0,30841
460,北京,AI Software Engineer,2.5-5万·14薪,[],经验不限,硕士,全职,1,北京·海淀·海淀街道,2025/1/2,37500.0,0,硕士,,30890
461,北京,销售顾问,1.1-2万,"['企业客户', '政府客户', '渠道销售', '代理商销售', '军方客户']",3-5年,本科,全职,5,北京·朝阳·亚运村,2024/9/26,15500.0,0,本科,4.0,30922
462,北京,产品经理（偏软件产品设计&项目管理）,2.2-4万,"['智能机器人', '嵌入式项目', 'PMP证书', 'PC端产品', 'Web端', 'AXURE PR', 'PRD和流程图', 'XD/SKETCH']",5-10年,本科,全职,1,北京·朝阳·小关,2025/2/10,31000.0,0,本科,7.5,30884
463,北京,项目助理（财务）,1.3-1.8万·13薪,[],3-5年,本科,全职,1,北京,2025/3/26,15500.0,0,本科,4.0,30658
464,北京,Prompt工程师,1.8-2.5万,"['自动问答', '聊天机器人', '主题模型']",1-3年,本科,全职,1,北京·海淀·清华园,2025/4/1,21500.0,0,本科,2.0,30923
465,北京,算法工程师,3-4.5万·15薪,"['深度学习', '大模型算法']",经验不限,博士,全职,2,北京·海淀·马连洼,2024/10/9,37500.0,0,博士,,30721
466,北京,售前工程师,1.5-3万,"['软件产品', '政府项目']",3-5年,本科,全职,1,北京·海淀·中关村,2024/12/5,22500.0,0,本科,4.0,30693
467,北京,运筹优化算法专家,2.8-5.5万,"['深度学习', '机器学习', 'K-means算法', '随机森林', '线性回归', 'Transformer']",5-10年,本科,全职,1,北京·西城·月坛,2025/2/13,41500.0,1,本科,7.5,30924
468,北京,语音交互算法工程师,1.5-3万,"['深度学习', '语音识别', 'Transformer', 'PyTorch', 'TensorFlow', 'Python', 'C++']",5-10年,本科,全职,1,北京·丰台·看丹,2025/3/11,22500.0,0,本科,7.5,30925
469,北京,整体解决方案工程师,1.2-2万·13薪,"['数字化产品', '智慧产品', '安防产品', '智慧电力', '数字孪生产品']",5-10年,本科,全职,2,北京·西城·德胜,2025/3/12,16000.0,0,本科,7.5,30926
470,北京,大模型算法工程师,4-8万·14薪,['大模型'],经验不限,硕士,全职,1,北京·朝阳·望京,2025/1/17,60000.0,1,硕士,,30772
471,北京,算法工程师,1.7-2.5万,"['大模型', '大模型微调', '视觉算法', '智能问答', '多模态算法', '大模型算法']",3-5年,本科,全职,1,北京·西城·广安门外,2025/3/12,21000.0,0,本科,4.0,30927
472,北京,算法工程师,1.5-3万,[],无经验,本科,全职,1,北京·海淀·曙光,2025/3/8,22500.0,0,本科,0.0,30708
473,北京,nlp算法工程师,2-2.5万,"['Python', '文本分析', '文本分类']",经验不限,本科,全职,1,北京·丰台·玉泉营,2025/3/26,22500.0,0,本科,,30928
474,北京,算法工程师,2-3万,"['机器视觉', '图像算法', 'OpenCV', 'Python', 'C++']",1-3年,本科,全职,1,北京·海淀·海淀街道,2025/3/26,25000.0,0,本科,2.0,30929
475,北京,校企合作总监（专业共建、产教融合、产行学院，Base北京）,1.2-1.5万,"['院校客户', 'KA大客户', '校企合作', '产业学院']",5-10年,本科,全职,2,北京·海淀·马连洼,2025/4/1,13500.0,0,本科,7.5,30715
476,北京,大模型高级工程师,2.5-4.5万·14薪,"['大模型', '自然语言']",1-3年,博士,全职,1,北京·海淀·东升,2025/2/26,35000.0,0,博士,2.0,30710
477,北京,运维开发工程师,1-1.5万·13薪,"['服务器运维', '系统运维', 'IDC/机房运维', 'Shell', 'Python']",5-10年,本科,全职,1,北京·西城·德胜,2025/3/12,12500.0,0,本科,7.5,30926
478,北京,算法工程师,1-2万,"['图像算法', 'LIDAR', '深度学习', 'PCL', '点云', '激光雷达']",1-3年,本科,全职,2,北京·顺义,2025/3/3,15000.0,0,本科,2.0,30930
479,北京,机器人系统开发工程师,2.5-5万·14薪,['机器人算法'],5-10年,本科,全职,1,北京·海淀·海淀街道,2024/12/16,37500.0,0,本科,7.5,30890
480,北京,图像视频算法工程师,1.5-2.5万·13薪,"['图像处理', 'OpenCV']",3-5年,本科,全职,1,北京·东城·东四,2025/3/7,20000.0,0,本科,4.0,30793
481,北京,算法工程师,2-4万,['统计学'],经验不限,硕士,全职,1,北京·西城·德胜,2024/9/6,30000.0,0,硕士,,30931
482,北京,昇腾AI算法-北京,面议,"['自然语言处理', '图像算法', '机器视觉', 'PyTorch', 'TensorFlow', 'Python', 'C++']",1-3年,本科,全职,1,北京·朝阳·朝外,2024/9/18,,0,本科,2.0,30932
483,北京,AI研发工程师,3-6万,"['深度学习', '机器学习', '图像算法']",5-10年,硕士,全职,1,北京·朝阳·建外,2025/3/13,45000.0,1,硕士,7.5,30933
484,北京,产品总监,3-5万,[],经验不限,本科,全职,1,北京·海淀·上地,2025/3/20,40000.0,1,本科,,30778
485,北京,系统集成工程师（BC）,8000-12000元·13薪,"['测试开发', 'C/C++', '系统集成', 'MATLAB', 'C语言', 'LabVIEW', '接口自动化测试', '电机']",经验不限,本科,全职,2,北京·昌平·城北,2024/11/25,10000.0,0,本科,,30934
486,北京,售后服务工程师,8000-12000元·13薪,"['硬件集成调试', '系统调试', '技术沟通', 'CAD', 'EPLAN']",5-10年,大专,全职,1,北京·海淀·上地,2025/3/18,10000.0,0,大专,7.5,30896
487,北京,数字科技中心数据算法专业经理,2.5-3.5万,[],5-10年,硕士,全职,1,北京·丰台·看丹,2025/3/31,30000.0,0,硕士,7.5,30935
488,北京,大模型应用算法工程师,2.2-3万·13薪,"['Python', '深度学习', '机器学习', 'Transformer', 'BERT', '知识图谱', 'PyTorch', 'TensorFlow']",5-10年,本科,全职,1,北京·丰台·太平桥,2025/3/4,26000.0,0,本科,7.5,30647
489,北京,售前工程师,面议,"['软件产品', '智慧产品', '云服务产品']",3-5年,本科,全职,2,北京·朝阳·望京,2025/4/1,,0,本科,4.0,30936
490,北京,大模型开发训练工程师,2-4万,"['深度学习', '机器学习', '大模型算法', '机器视觉', '自然语言处理', 'PyTorch', 'TensorFlow', 'Keras', 'Python', 'AI算法', '大规模数据处理']",3-5年,硕士,全职,1,北京·海淀·学院路,2025/3/24,30000.0,0,硕士,4.0,30898
491,北京,AI算法专家级研发工程师,6-7万,"['机器学习', '深度学习', '图像算法', 'Transformer', 'Python', 'C++']",3-5年,硕士,全职,1,北京·海淀·甘家口,2024/10/18,65000.0,1,硕士,4.0,30709
492,北京,解决方案工程师（base华北均可）,1-1.2万,[],5-10年,大专,全职,2,北京·朝阳·奥运村,2025/3/18,11000.0,0,大专,7.5,30937
493,北京,售前方案工程师,9000-17000元,"['IT/互联网', '软件行业', '人工智能', '物联网', '云计算/大数据']",1-3年,大专,全职,2,北京·通州·新华,2025/3/29,13000.0,0,大专,2.0,30938
494,北京,中高级AI算法工程师,2-3.5万,[],5-10年,本科,全职,5,北京·海淀·北下关,2025/3/25,27500.0,0,本科,7.5,30909
495,北京,AI大模型工程师,1.5-2.5万,[],3-5年,硕士,全职,1,北京·海淀,2025/3/10,20000.0,0,硕士,4.0,30939
496,北京,开发工程师（AI方向）,2-3万·15薪,[],1-3年,硕士,全职,1,北京·朝阳·建外,2024/7/8,25000.0,0,硕士,2.0,30750
497,北京,监理工程师,2-3万,['注册监理工程师证'],经验不限,大专,全职,3,北京·南法信,2024/8/8,25000.0,0,大专,,30940
498,北京,高级售前支持工程师,3-4.5万,['知识图谱'],5-10年,本科,全职,2,北京·海淀·中关村,2024/10/22,37500.0,0,本科,7.5,30693
499,北京,机器学习算法工程师,4.5-5.5万,"['C++', 'Python', 'pytorch', 'TensorFlow', 'Theano']",1-3年,硕士,全职,1,北京·左家庄,2024/6/14,50000.0,1,硕士,2.0,30941
500,北京,算力应用支撑岗（网络方向）,面议,"['ROCE', '通信算法']",3-5年,本科,全职,4,北京·海淀·上地,2025/2/5,,0,本科,4.0,30942
